Date_Time (LST/LDT), Event, Speed (knots)
2019-01-01 00:27, slack,-
2019-01-01 03:07, flood,1.3
2019-01-01 06:10, slack,-
2019-01-01 10:00, ebb,-2.3
2019-01-01 13:03, slack,-
2019-01-01 15:37, flood,1.3
2019-01-01 18:40, slack,-
2019-01-01 22:30, ebb,-2.2
2019-01-02 01:21, slack,-
2019-01-02 04:01, flood,1.3
2019-01-02 07:04, slack,-
2019-01-02 11:00, ebb,-2.3
2019-01-02 13:51, slack,-
2019-01-02 16:31, flood,1.3
2019-01-02 19:28, slack,-
2019-01-02 23:18, ebb,-2.3
2019-01-03 02:09, slack,-
2019-01-03 04:49, flood,1.4
2019-01-03 07:52, slack,-
2019-01-03 11:42, ebb,-2.4
2019-01-03 14:39, slack,-
2019-01-03 17:19, flood,1.3
2019-01-03 20:16, slack,-
2019-01-04 00:00, ebb,-2.3
2019-01-04 02:51, slack,-
2019-01-04 05:31, flood,1.4
2019-01-04 08:34, slack,-
2019-01-04 12:24, ebb,-2.4
2019-01-04 15:27, slack,-
2019-01-04 18:01, flood,1.4
2019-01-04 20:58, slack,-
2019-01-05 00:36, ebb,-2.3
2019-01-05 03:39, slack,-
2019-01-05 06:13, flood,1.4
2019-01-05 09:16, slack,-
2019-01-05 13:00, ebb,-2.4
2019-01-05 16:03, slack,-
2019-01-05 18:37, flood,1.4
2019-01-05 21:40, slack,-
2019-01-06 01:18, ebb,-2.3
2019-01-06 04:15, slack,-
2019-01-06 06:49, flood,1.4
2019-01-06 09:58, slack,-
2019-01-06 13:36, ebb,-2.4
2019-01-06 16:45, slack,-
2019-01-06 19:13, flood,1.4
2019-01-06 22:22, slack,-
2019-01-07 01:48, ebb,-2.3
2019-01-07 04:57, slack,-
2019-01-07 07:31, flood,1.4
2019-01-07 10:40, slack,-
2019-01-07 14:12, ebb,-2.4
2019-01-07 17:27, slack,-
2019-01-07 19:49, flood,1.3
2019-01-07 23:04, slack,-
2019-01-08 02:24, ebb,-2.3
2019-01-08 05:33, slack,-
2019-01-08 08:07, flood,1.4
2019-01-08 11:22, slack,-
2019-01-08 14:48, ebb,-2.4
2019-01-08 18:03, slack,-
2019-01-08 20:31, flood,1.3
2019-01-08 23:40, slack,-
2019-01-09 03:06, ebb,-2.3
2019-01-09 06:15, slack,-
2019-01-09 08:43, flood,1.3
2019-01-09 11:58, slack,-
2019-01-09 15:24, ebb,-2.4
2019-01-09 18:45, slack,-
2019-01-09 21:07, flood,1.3
2019-01-10 00:22, slack,-
2019-01-10 03:42, ebb,-2.3
2019-01-10 06:57, slack,-
2019-01-10 09:25, flood,1.3
2019-01-10 12:40, slack,-
2019-01-10 16:06, ebb,-2.3
2019-01-10 19:21, slack,-
2019-01-10 21:43, flood,1.2
2019-01-11 00:58, slack,-
2019-01-11 04:24, ebb,-2.3
2019-01-11 07:39, slack,-
2019-01-11 10:07, flood,1.2
2019-01-11 13:22, slack,-
2019-01-11 16:48, ebb,-2.3
2019-01-11 20:03, slack,-
2019-01-11 22:31, flood,1.2
2019-01-12 01:46, slack,-
2019-01-12 05:12, ebb,-2.2
2019-01-12 08:21, slack,-
2019-01-12 10:49, flood,1.2
2019-01-12 14:10, slack,-
2019-01-12 17:36, ebb,-2.2
2019-01-12 20:51, slack,-
2019-01-12 23:13, flood,1.2
2019-01-13 02:28, slack,-
2019-01-13 06:00, ebb,-2.2
2019-01-13 09:09, slack,-
2019-01-13 11:37, flood,1.2
2019-01-13 14:58, slack,-
2019-01-13 18:24, ebb,-2.2
2019-01-13 21:39, slack,-
2019-01-14 00:01, flood,1.1
2019-01-14 03:16, slack,-
2019-01-14 06:48, ebb,-2.2
2019-01-14 10:03, slack,-
2019-01-14 12:31, flood,1.1
2019-01-14 15:46, slack,-
2019-01-14 19:12, ebb,-2.2
2019-01-14 22:27, slack,-
2019-01-15 00:55, flood,1.1
2019-01-15 04:10, slack,-
2019-01-15 07:42, ebb,-2.2
2019-01-15 11:03, slack,-
2019-01-15 13:25, flood,1.2
2019-01-15 16:46, slack,-
2019-01-15 20:12, ebb,-2.2
2019-01-15 23:21, slack,-
2019-01-16 01:55, flood,1.2
2019-01-16 05:10, slack,-
2019-01-16 08:36, ebb,-2.2
2019-01-16 11:57, slack,-
2019-01-16 14:25, flood,1.2
2019-01-16 17:40, slack,-
2019-01-16 21:06, ebb,-2.2
2019-01-17 00:15, slack,-
2019-01-17 02:49, flood,1.3
2019-01-17 06:04, slack,-
2019-01-17 09:36, ebb,-2.3
2019-01-17 12:57, slack,-
2019-01-17 15:25, flood,1.3
2019-01-17 18:40, slack,-
2019-01-17 22:06, ebb,-2.3
2019-01-18 01:15, slack,-
2019-01-18 03:49, flood,1.3
2019-01-18 07:04, slack,-
2019-01-18 10:36, ebb,-2.4
2019-01-18 13:51, slack,-
2019-01-18 16:19, flood,1.3
2019-01-18 19:34, slack,-
2019-01-18 23:00, ebb,-2.4
2019-01-19 02:09, slack,-
2019-01-19 04:43, flood,1.4
2019-01-19 07:58, slack,-
2019-01-19 11:30, ebb,-2.5
2019-01-19 14:45, slack,-
2019-01-19 17:13, flood,1.4
2019-01-19 20:28, slack,-
2019-01-19 23:54, ebb,-2.5
2019-01-20 03:03, slack,-
2019-01-20 05:37, flood,1.5
2019-01-20 08:52, slack,-
2019-01-20 12:24, ebb,-2.6
2019-01-20 15:39, slack,-
2019-01-20 18:07, flood,1.5
2019-01-20 21:22, slack,-
2019-01-21 00:48, ebb,-2.5
2019-01-21 03:51, slack,-
2019-01-21 06:31, flood,1.6
2019-01-21 09:46, slack,-
2019-01-21 13:18, ebb,-2.6
2019-01-21 16:27, slack,-
2019-01-21 19:01, flood,1.5
2019-01-21 22:16, slack,-
2019-01-22 01:42, ebb,-2.6
2019-01-22 04:45, slack,-
2019-01-22 07:25, flood,1.6
2019-01-22 10:40, slack,-
2019-01-22 14:12, ebb,-2.7
2019-01-22 17:21, slack,-
2019-01-22 19:55, flood,1.5
2019-01-22 23:04, slack,-
2019-01-23 02:36, ebb,-2.6
2019-01-23 05:39, slack,-
2019-01-23 08:13, flood,1.6
2019-01-23 11:34, slack,-
2019-01-23 15:06, ebb,-2.6
2019-01-23 18:15, slack,-
2019-01-23 20:43, flood,1.5
2019-01-23 23:58, slack,-
2019-01-24 03:30, ebb,-2.6
2019-01-24 06:33, slack,-
2019-01-24 09:07, flood,1.5
2019-01-24 12:28, slack,-
2019-01-24 16:00, ebb,-2.6
2019-01-24 19:09, slack,-
2019-01-24 21:37, flood,1.5
2019-01-25 00:52, slack,-
2019-01-25 04:24, ebb,-2.5
2019-01-25 07:33, slack,-
2019-01-25 10:07, flood,1.5
2019-01-25 13:22, slack,-
2019-01-25 16:54, ebb,-2.5
2019-01-25 20:03, slack,-
2019-01-25 22:31, flood,1.4
2019-01-26 01:46, slack,-
2019-01-26 05:18, ebb,-2.4
2019-01-26 08:27, slack,-
2019-01-26 11:01, flood,1.4
2019-01-26 14:16, slack,-
2019-01-26 17:48, ebb,-2.4
2019-01-26 20:57, slack,-
2019-01-26 23:31, flood,1.3
2019-01-27 02:46, slack,-
2019-01-27 06:18, ebb,-2.3
2019-01-27 09:33, slack,-
2019-01-27 12:07, flood,1.3
2019-01-27 15:16, slack,-
2019-01-27 18:48, ebb,-2.2
2019-01-27 21:57, slack,-
2019-01-28 00:37, flood,1.3
2019-01-28 03:46, slack,-
2019-01-28 07:24, ebb,-2.2
2019-01-28 10:33, slack,-
2019-01-28 13:13, flood,1.3
2019-01-28 16:16, slack,-
2019-01-28 19:54, ebb,-2.2
2019-01-28 22:57, slack,-
2019-01-29 01:37, flood,1.2
2019-01-29 04:46, slack,-
2019-01-29 08:30, ebb,-2.2
2019-01-29 11:39, slack,-
2019-01-29 14:13, flood,1.2
2019-01-29 17:16, slack,-
2019-01-29 21:00, ebb,-2.1
2019-01-29 23:57, slack,-
2019-01-30 02:43, flood,1.2
2019-01-30 05:40, slack,-
2019-01-30 09:36, ebb,-2.2
2019-01-30 12:33, slack,-
2019-01-30 15:13, flood,1.2
2019-01-30 18:16, slack,-
2019-01-30 22:00, ebb,-2.1
2019-01-31 00:57, slack,-
2019-01-31 03:37, flood,1.3
2019-01-31 06:40, slack,-
2019-01-31 10:36, ebb,-2.2
2019-01-31 13:27, slack,-
2019-01-31 16:07, flood,1.2
2019-01-31 19:04, slack,-
2019-01-31 22:54, ebb,-2.1
2019-02-01 01:45, slack,-
2019-02-01 04:31, flood,1.3
2019-02-01 07:28, slack,-
2019-02-01 11:24, ebb,-2.2
2019-02-01 14:15, slack,-
2019-02-01 16:55, flood,1.3
2019-02-01 19:52, slack,-
2019-02-01 23:42, ebb,-2.2
2019-02-02 02:27, slack,-
2019-02-02 05:13, flood,1.3
2019-02-02 08:16, slack,-
2019-02-02 12:06, ebb,-2.3
2019-02-02 14:57, slack,-
2019-02-02 17:37, flood,1.3
2019-02-02 20:40, slack,-
2019-02-03 00:18, ebb,-2.2
2019-02-03 03:09, slack,-
2019-02-03 05:55, flood,1.4
2019-02-03 08:58, slack,-
2019-02-03 12:42, ebb,-2.3
2019-02-03 15:39, slack,-
2019-02-03 18:13, flood,1.3
2019-02-03 21:16, slack,-
2019-02-04 00:54, ebb,-2.3
2019-02-04 03:51, slack,-
2019-02-04 06:31, flood,1.4
2019-02-04 09:40, slack,-
2019-02-04 13:12, ebb,-2.4
2019-02-04 16:21, slack,-
2019-02-04 18:49, flood,1.4
2019-02-04 21:58, slack,-
2019-02-05 01:24, ebb,-2.3
2019-02-05 04:27, slack,-
2019-02-05 07:07, flood,1.4
2019-02-05 10:16, slack,-
2019-02-05 13:48, ebb,-2.4
2019-02-05 16:57, slack,-
2019-02-05 19:25, flood,1.4
2019-02-05 22:34, slack,-
2019-02-06 02:00, ebb,-2.4
2019-02-06 05:09, slack,-
2019-02-06 07:37, flood,1.4
2019-02-06 10:58, slack,-
2019-02-06 14:24, ebb,-2.4
2019-02-06 17:33, slack,-
2019-02-06 20:01, flood,1.4
2019-02-06 23:16, slack,-
2019-02-07 02:36, ebb,-2.4
2019-02-07 05:45, slack,-
2019-02-07 08:13, flood,1.4
2019-02-07 11:34, slack,-
2019-02-07 15:00, ebb,-2.4
2019-02-07 18:09, slack,-
2019-02-07 20:37, flood,1.4
2019-02-07 23:52, slack,-
2019-02-08 03:12, ebb,-2.4
2019-02-08 06:21, slack,-
2019-02-08 08:55, flood,1.4
2019-02-08 12:10, slack,-
2019-02-08 15:36, ebb,-2.4
2019-02-08 18:45, slack,-
2019-02-08 21:13, flood,1.3
2019-02-09 00:28, slack,-
2019-02-09 03:54, ebb,-2.3
2019-02-09 06:57, slack,-
2019-02-09 09:31, flood,1.3
2019-02-09 12:52, slack,-
2019-02-09 16:18, ebb,-2.3
2019-02-09 19:21, slack,-
2019-02-09 21:49, flood,1.3
2019-02-10 01:10, slack,-
2019-02-10 04:36, ebb,-2.3
2019-02-10 07:39, slack,-
2019-02-10 10:13, flood,1.3
2019-02-10 13:34, slack,-
2019-02-10 17:00, ebb,-2.3
2019-02-10 20:03, slack,-
2019-02-10 22:31, flood,1.3
2019-02-11 01:52, slack,-
2019-02-11 05:18, ebb,-2.3
2019-02-11 08:21, slack,-
2019-02-11 10:55, flood,1.3
2019-02-11 14:22, slack,-
2019-02-11 17:48, ebb,-2.2
2019-02-11 20:45, slack,-
2019-02-11 23:19, flood,1.2
2019-02-12 02:40, slack,-
2019-02-12 06:12, ebb,-2.2
2019-02-12 09:15, slack,-
2019-02-12 11:49, flood,1.2
2019-02-12 15:10, slack,-
2019-02-12 18:36, ebb,-2.2
2019-02-12 21:39, slack,-
2019-02-13 00:13, flood,1.2
2019-02-13 03:34, slack,-
2019-02-13 07:06, ebb,-2.2
2019-02-13 10:15, slack,-
2019-02-13 12:49, flood,1.2
2019-02-13 16:10, slack,-
2019-02-13 19:36, ebb,-2.1
2019-02-13 22:39, slack,-
2019-02-14 01:13, flood,1.2
2019-02-14 04:34, slack,-
2019-02-14 08:06, ebb,-2.2
2019-02-14 11:21, slack,-
2019-02-14 13:49, flood,1.2
2019-02-14 17:10, slack,-
2019-02-14 20:36, ebb,-2.2
2019-02-14 23:39, slack,-
2019-02-15 02:19, flood,1.3
2019-02-15 05:40, slack,-
2019-02-15 09:12, ebb,-2.3
2019-02-15 12:27, slack,-
2019-02-15 14:55, flood,1.3
2019-02-15 18:16, slack,-
2019-02-15 21:36, ebb,-2.2
2019-02-16 00:45, slack,-
2019-02-16 03:25, flood,1.3
2019-02-16 06:46, slack,-
2019-02-16 10:12, ebb,-2.4
2019-02-16 13:27, slack,-
2019-02-16 16:01, flood,1.3
2019-02-16 19:16, slack,-
2019-02-16 22:42, ebb,-2.3
2019-02-17 01:45, slack,-
2019-02-17 04:25, flood,1.4
2019-02-17 07:46, slack,-
2019-02-17 11:12, ebb,-2.5
2019-02-17 14:27, slack,-
2019-02-17 17:01, flood,1.4
2019-02-17 20:16, slack,-
2019-02-17 23:42, ebb,-2.4
2019-02-18 02:45, slack,-
2019-02-18 05:25, flood,1.5
2019-02-18 08:40, slack,-
2019-02-18 12:12, ebb,-2.5
2019-02-18 15:21, slack,-
2019-02-18 17:55, flood,1.5
2019-02-18 21:10, slack,-
2019-02-19 00:36, ebb,-2.5
2019-02-19 03:39, slack,-
2019-02-19 06:19, flood,1.6
2019-02-19 09:34, slack,-
2019-02-19 13:06, ebb,-2.6
2019-02-19 16:09, slack,-
2019-02-19 18:43, flood,1.6
2019-02-19 21:58, slack,-
2019-02-20 01:30, ebb,-2.6
2019-02-20 04:33, slack,-
2019-02-20 07:13, flood,1.6
2019-02-20 10:28, slack,-
2019-02-20 14:00, ebb,-2.6
2019-02-20 17:03, slack,-
2019-02-20 19:37, flood,1.6
2019-02-20 22:52, slack,-
2019-02-21 02:24, ebb,-2.6
2019-02-21 05:21, slack,-
2019-02-21 08:01, flood,1.6
2019-02-21 11:22, slack,-
2019-02-21 14:48, ebb,-2.6
2019-02-21 17:51, slack,-
2019-02-21 20:25, flood,1.6
2019-02-21 23:40, slack,-
2019-02-22 03:12, ebb,-2.6
2019-02-22 06:15, slack,-
2019-02-22 08:55, flood,1.6
2019-02-22 12:10, slack,-
2019-02-22 15:42, ebb,-2.6
2019-02-22 18:45, slack,-
2019-02-22 21:19, flood,1.5
2019-02-23 00:34, slack,-
2019-02-23 04:06, ebb,-2.5
2019-02-23 07:09, slack,-
2019-02-23 09:49, flood,1.5
2019-02-23 13:04, slack,-
2019-02-23 16:30, ebb,-2.4
2019-02-23 19:33, slack,-
2019-02-23 22:13, flood,1.5
2019-02-24 01:28, slack,-
2019-02-24 04:54, ebb,-2.4
2019-02-24 08:03, slack,-
2019-02-24 10:37, flood,1.4
2019-02-24 13:58, slack,-
2019-02-24 17:24, ebb,-2.3
2019-02-24 20:27, slack,-
2019-02-24 23:07, flood,1.4
2019-02-25 02:22, slack,-
2019-02-25 05:48, ebb,-2.3
2019-02-25 09:03, slack,-
2019-02-25 11:37, flood,1.3
2019-02-25 14:52, slack,-
2019-02-25 18:18, ebb,-2.2
2019-02-25 21:27, slack,-
2019-02-26 00:01, flood,1.3
2019-02-26 03:16, slack,-
2019-02-26 06:48, ebb,-2.2
2019-02-26 10:03, slack,-
2019-02-26 12:37, flood,1.2
2019-02-26 15:52, slack,-
2019-02-26 19:18, ebb,-2.1
2019-02-26 22:27, slack,-
2019-02-27 01:07, flood,1.2
2019-02-27 04:16, slack,-
2019-02-27 07:54, ebb,-2.1
2019-02-27 11:03, slack,-
2019-02-27 13:43, flood,1.2
2019-02-27 16:52, slack,-
2019-02-27 20:24, ebb,-2.0
2019-02-27 23:27, slack,-
2019-02-28 02:13, flood,1.2
2019-02-28 05:16, slack,-
2019-02-28 09:00, ebb,-2.0
2019-02-28 12:03, slack,-
2019-02-28 14:49, flood,1.2
2019-02-28 17:46, slack,-
2019-02-28 21:30, ebb,-2.0
2019-03-01 00:21, slack,-
2019-03-01 03:13, flood,1.2
2019-03-01 06:10, slack,-
2019-03-01 10:06, ebb,-2.0
2019-03-01 12:57, slack,-
2019-03-01 15:43, flood,1.2
2019-03-01 18:40, slack,-
2019-03-01 22:30, ebb,-2.0
2019-03-02 01:15, slack,-
2019-03-02 04:01, flood,1.2
2019-03-02 07:04, slack,-
2019-03-02 10:54, ebb,-2.1
2019-03-02 13:45, slack,-
2019-03-02 16:31, flood,1.2
2019-03-02 19:28, slack,-
2019-03-02 23:12, ebb,-2.1
2019-03-03 02:03, slack,-
2019-03-03 04:49, flood,1.3
2019-03-03 07:52, slack,-
2019-03-03 11:36, ebb,-2.2
2019-03-03 14:27, slack,-
2019-03-03 17:07, flood,1.3
2019-03-03 20:10, slack,-
2019-03-03 23:48, ebb,-2.2
2019-03-04 02:45, slack,-
2019-03-04 05:25, flood,1.3
2019-03-04 08:34, slack,-
2019-03-04 12:12, ebb,-2.2
2019-03-04 15:09, slack,-
2019-03-04 17:49, flood,1.3
2019-03-04 20:52, slack,-
2019-03-05 00:24, ebb,-2.2
2019-03-05 03:21, slack,-
2019-03-05 06:01, flood,1.4
2019-03-05 09:16, slack,-
2019-03-05 12:42, ebb,-2.3
2019-03-05 15:45, slack,-
2019-03-05 18:19, flood,1.4
2019-03-05 21:34, slack,-
2019-03-06 01:00, ebb,-2.3
2019-03-06 03:57, slack,-
2019-03-06 06:37, flood,1.4
2019-03-06 09:52, slack,-
2019-03-06 13:18, ebb,-2.4
2019-03-06 16:21, slack,-
2019-03-06 18:55, flood,1.4
2019-03-06 22:10, slack,-
2019-03-07 01:30, ebb,-2.4
2019-03-07 04:33, slack,-
2019-03-07 07:13, flood,1.5
2019-03-07 10:34, slack,-
2019-03-07 13:54, ebb,-2.4
2019-03-07 16:57, slack,-
2019-03-07 19:31, flood,1.4
2019-03-07 22:46, slack,-
2019-03-08 02:06, ebb,-2.4
2019-03-08 05:09, slack,-
2019-03-08 07:49, flood,1.5
2019-03-08 11:10, slack,-
2019-03-08 14:30, ebb,-2.4
2019-03-08 17:33, slack,-
2019-03-08 20:01, flood,1.4
2019-03-08 23:22, slack,-
2019-03-09 02:48, ebb,-2.4
2019-03-09 05:45, slack,-
2019-03-09 08:25, flood,1.5
2019-03-09 11:46, slack,-
2019-03-09 15:06, ebb,-2.4
2019-03-09 18:03, slack,-
2019-03-09 20:43, flood,1.4
2019-03-09 23:58, slack,-
2019-03-10 04:24, ebb,-2.4
2019-03-10 07:21, slack,-
2019-03-10 10:01, flood,1.4
2019-03-10 13:22, slack,-
2019-03-10 16:48, ebb,-2.3
2019-03-10 19:39, slack,-
2019-03-10 22:19, flood,1.4
2019-03-11 01:40, slack,-
2019-03-11 05:06, ebb,-2.4
2019-03-11 08:03, slack,-
2019-03-11 10:43, flood,1.4
2019-03-11 14:04, slack,-
2019-03-11 17:30, ebb,-2.3
2019-03-11 20:21, slack,-
2019-03-11 23:01, flood,1.3
2019-03-12 02:22, slack,-
2019-03-12 05:54, ebb,-2.3
2019-03-12 08:45, slack,-
2019-03-12 11:25, flood,1.3
2019-03-12 14:52, slack,-
2019-03-12 18:18, ebb,-2.2
2019-03-12 21:03, slack,-
2019-03-12 23:49, flood,1.3
2019-03-13 03:10, slack,-
2019-03-13 06:42, ebb,-2.3
2019-03-13 09:39, slack,-
2019-03-13 12:19, flood,1.3
2019-03-13 15:46, slack,-
2019-03-13 19:06, ebb,-2.2
2019-03-13 21:57, slack,-
2019-03-14 00:43, flood,1.3
2019-03-14 04:10, slack,-
2019-03-14 07:36, ebb,-2.2
2019-03-14 10:45, slack,-
2019-03-14 13:19, flood,1.2
2019-03-14 16:46, slack,-
2019-03-14 20:06, ebb,-2.1
2019-03-14 23:03, slack,-
2019-03-15 01:49, flood,1.3
2019-03-15 05:10, slack,-
2019-03-15 08:36, ebb,-2.2
2019-03-15 11:51, slack,-
2019-03-15 14:25, flood,1.2
2019-03-15 17:52, slack,-
2019-03-15 21:12, ebb,-2.1
2019-03-16 00:15, slack,-
2019-03-16 02:55, flood,1.3
2019-03-16 06:22, slack,-
2019-03-16 09:48, ebb,-2.2
2019-03-16 13:03, slack,-
2019-03-16 15:37, flood,1.3
2019-03-16 18:58, slack,-
2019-03-16 22:18, ebb,-2.2
2019-03-17 01:21, slack,-
2019-03-17 04:07, flood,1.4
2019-03-17 07:28, slack,-
2019-03-17 10:54, ebb,-2.3
2019-03-17 14:03, slack,-
2019-03-17 16:43, flood,1.4
2019-03-17 19:58, slack,-
2019-03-17 23:24, ebb,-2.3
2019-03-18 02:27, slack,-
2019-03-18 05:07, flood,1.5
2019-03-18 08:28, slack,-
2019-03-18 12:00, ebb,-2.4
2019-03-18 15:03, slack,-
2019-03-18 17:43, flood,1.5
2019-03-18 20:58, slack,-
2019-03-19 00:24, ebb,-2.4
2019-03-19 03:27, slack,-
2019-03-19 06:07, flood,1.6
2019-03-19 09:28, slack,-
2019-03-19 13:00, ebb,-2.5
2019-03-19 15:57, slack,-
2019-03-19 18:37, flood,1.6
2019-03-19 21:52, slack,-
2019-03-20 01:24, ebb,-2.5
2019-03-20 04:21, slack,-
2019-03-20 07:01, flood,1.6
2019-03-20 10:22, slack,-
2019-03-20 13:54, ebb,-2.6
2019-03-20 16:51, slack,-
2019-03-20 19:31, flood,1.6
2019-03-20 22:46, slack,-
2019-03-21 02:18, ebb,-2.6
2019-03-21 05:15, slack,-
2019-03-21 07:55, flood,1.7
2019-03-21 11:10, slack,-
2019-03-21 14:42, ebb,-2.6
2019-03-21 17:39, slack,-
2019-03-21 20:19, flood,1.6
2019-03-21 23:34, slack,-
2019-03-22 03:06, ebb,-2.6
2019-03-22 06:03, slack,-
2019-03-22 08:43, flood,1.7
2019-03-22 12:04, slack,-
2019-03-22 15:30, ebb,-2.6
2019-03-22 18:27, slack,-
2019-03-22 21:07, flood,1.6
2019-03-23 00:22, slack,-
2019-03-23 03:54, ebb,-2.6
2019-03-23 06:57, slack,-
2019-03-23 09:31, flood,1.6
2019-03-23 12:52, slack,-
2019-03-23 16:18, ebb,-2.5
2019-03-23 19:15, slack,-
2019-03-23 21:55, flood,1.6
2019-03-24 01:10, slack,-
2019-03-24 04:42, ebb,-2.5
2019-03-24 07:45, slack,-
2019-03-24 10:25, flood,1.5
2019-03-24 13:40, slack,-
2019-03-24 17:06, ebb,-2.4
2019-03-24 20:03, slack,-
2019-03-24 22:43, flood,1.5
2019-03-25 02:04, slack,-
2019-03-25 05:30, ebb,-2.4
2019-03-25 08:39, slack,-
2019-03-25 11:13, flood,1.4
2019-03-25 14:34, slack,-
2019-03-25 17:54, ebb,-2.3
2019-03-25 20:57, slack,-
2019-03-25 23:37, flood,1.4
2019-03-26 02:52, slack,-
2019-03-26 06:18, ebb,-2.3
2019-03-26 09:27, slack,-
2019-03-26 12:07, flood,1.3
2019-03-26 15:28, slack,-
2019-03-26 18:42, ebb,-2.1
2019-03-26 21:51, slack,-
2019-03-27 00:31, flood,1.3
2019-03-27 03:46, slack,-
2019-03-27 07:12, ebb,-2.1
2019-03-27 10:27, slack,-
2019-03-27 13:07, flood,1.2
2019-03-27 16:22, slack,-
2019-03-27 19:42, ebb,-2.0
2019-03-27 22:51, slack,-
2019-03-28 01:31, flood,1.2
2019-03-28 04:46, slack,-
2019-03-28 08:12, ebb,-2.0
2019-03-28 11:27, slack,-
2019-03-28 14:07, flood,1.1
2019-03-28 17:16, slack,-
2019-03-28 20:42, ebb,-1.9
2019-03-28 23:51, slack,-
2019-03-29 02:37, flood,1.1
2019-03-29 05:46, slack,-
2019-03-29 09:18, ebb,-1.9
2019-03-29 12:27, slack,-
2019-03-29 15:07, flood,1.1
2019-03-29 18:16, slack,-
2019-03-29 21:48, ebb,-1.9
2019-03-30 00:45, slack,-
2019-03-30 03:37, flood,1.1
2019-03-30 06:40, slack,-
2019-03-30 10:24, ebb,-1.9
2019-03-30 13:21, slack,-
2019-03-30 16:07, flood,1.2
2019-03-30 19:10, slack,-
2019-03-30 22:48, ebb,-1.9
2019-03-31 01:39, slack,-
2019-03-31 04:31, flood,1.2
2019-03-31 07:34, slack,-
2019-03-31 11:18, ebb,-2.0
2019-03-31 14:09, slack,-
2019-03-31 16:55, flood,1.2
2019-03-31 19:58, slack,-
2019-03-31 23:36, ebb,-2.0
2019-04-01 02:27, slack,-
2019-04-01 05:13, flood,1.3
2019-04-01 08:22, slack,-
2019-04-01 12:00, ebb,-2.1
2019-04-01 14:51, slack,-
2019-04-01 17:37, flood,1.3
2019-04-01 20:40, slack,-
2019-04-02 00:12, ebb,-2.1
2019-04-02 03:09, slack,-
2019-04-02 05:55, flood,1.3
2019-04-02 09:04, slack,-
2019-04-02 12:36, ebb,-2.2
2019-04-02 15:33, slack,-
2019-04-02 18:13, flood,1.3
2019-04-02 21:22, slack,-
2019-04-03 00:48, ebb,-2.2
2019-04-03 03:51, slack,-
2019-04-03 06:31, flood,1.4
2019-04-03 09:46, slack,-
2019-04-03 13:12, ebb,-2.3
2019-04-03 16:15, slack,-
2019-04-03 18:49, flood,1.4
2019-04-03 22:04, slack,-
2019-04-04 01:24, ebb,-2.3
2019-04-04 04:27, slack,-
2019-04-04 07:07, flood,1.4
2019-04-04 10:22, slack,-
2019-04-04 13:48, ebb,-2.3
2019-04-04 16:51, slack,-
2019-04-04 19:25, flood,1.4
2019-04-04 22:40, slack,-
2019-04-05 02:00, ebb,-2.4
2019-04-05 05:03, slack,-
2019-04-05 07:43, flood,1.5
2019-04-05 11:04, slack,-
2019-04-05 14:24, ebb,-2.4
2019-04-05 17:21, slack,-
2019-04-05 19:55, flood,1.5
2019-04-05 23:16, slack,-
2019-04-06 02:42, ebb,-2.4
2019-04-06 05:39, slack,-
2019-04-06 08:19, flood,1.5
2019-04-06 11:40, slack,-
2019-04-06 15:00, ebb,-2.4
2019-04-06 17:57, slack,-
2019-04-06 20:31, flood,1.5
2019-04-06 23:52, slack,-
2019-04-07 03:18, ebb,-2.5
2019-04-07 06:21, slack,-
2019-04-07 08:55, flood,1.5
2019-04-07 12:16, slack,-
2019-04-07 15:36, ebb,-2.4
2019-04-07 18:33, slack,-
2019-04-07 21:13, flood,1.5
2019-04-08 00:28, slack,-
2019-04-08 04:00, ebb,-2.5
2019-04-08 06:57, slack,-
2019-04-08 09:37, flood,1.5
2019-04-08 12:58, slack,-
2019-04-08 16:18, ebb,-2.4
2019-04-08 19:09, slack,-
2019-04-08 21:49, flood,1.4
2019-04-09 01:10, slack,-
2019-04-09 04:42, ebb,-2.4
2019-04-09 07:39, slack,-
2019-04-09 10:19, flood,1.4
2019-04-09 13:40, slack,-
2019-04-09 17:00, ebb,-2.3
2019-04-09 19:51, slack,-
2019-04-09 22:37, flood,1.4
2019-04-10 01:58, slack,-
2019-04-10 05:24, ebb,-2.4
2019-04-10 08:27, slack,-
2019-04-10 11:01, flood,1.4
2019-04-10 14:28, slack,-
2019-04-10 17:48, ebb,-2.3
2019-04-10 20:39, slack,-
2019-04-10 23:25, flood,1.3
2019-04-11 02:46, slack,-
2019-04-11 06:18, ebb,-2.3
2019-04-11 09:21, slack,-
2019-04-11 12:01, flood,1.3
2019-04-11 15:22, slack,-
2019-04-11 18:48, ebb,-2.2
2019-04-11 21:39, slack,-
2019-04-12 00:25, flood,1.3
2019-04-12 03:46, slack,-
2019-04-12 07:18, ebb,-2.2
2019-04-12 10:21, slack,-
2019-04-12 13:01, flood,1.3
2019-04-12 16:28, slack,-
2019-04-12 19:48, ebb,-2.1
2019-04-12 22:45, slack,-
2019-04-13 01:31, flood,1.3
2019-04-13 04:58, slack,-
2019-04-13 08:18, ebb,-2.2
2019-04-13 11:33, slack,-
2019-04-13 14:07, flood,1.2
2019-04-13 17:34, slack,-
2019-04-13 20:54, ebb,-2.1
2019-04-13 23:57, slack,-
2019-04-14 02:37, flood,1.3
2019-04-14 06:04, slack,-
2019-04-14 09:30, ebb,-2.2
2019-04-14 12:45, slack,-
2019-04-14 15:19, flood,1.3
2019-04-14 18:40, slack,-
2019-04-14 22:00, ebb,-2.2
2019-04-15 01:09, slack,-
2019-04-15 03:49, flood,1.4
2019-04-15 07:10, slack,-
2019-04-15 10:36, ebb,-2.3
2019-04-15 13:45, slack,-
2019-04-15 16:25, flood,1.4
2019-04-15 19:40, slack,-
2019-04-15 23:12, ebb,-2.3
2019-04-16 02:15, slack,-
2019-04-16 04:55, flood,1.5
2019-04-16 08:16, slack,-
2019-04-16 11:42, ebb,-2.4
2019-04-16 14:45, slack,-
2019-04-16 17:25, flood,1.5
2019-04-16 20:40, slack,-
2019-04-17 00:12, ebb,-2.4
2019-04-17 03:09, slack,-
2019-04-17 05:55, flood,1.5
2019-04-17 09:10, slack,-
2019-04-17 12:42, ebb,-2.5
2019-04-17 15:39, slack,-
2019-04-17 18:19, flood,1.6
2019-04-17 21:34, slack,-
2019-04-18 01:06, ebb,-2.5
2019-04-18 04:03, slack,-
2019-04-18 06:49, flood,1.6
2019-04-18 10:04, slack,-
2019-04-18 13:36, ebb,-2.5
2019-04-18 16:27, slack,-
2019-04-18 19:07, flood,1.6
2019-04-18 22:22, slack,-
2019-04-19 02:00, ebb,-2.6
2019-04-19 04:57, slack,-
2019-04-19 07:37, flood,1.6
2019-04-19 10:52, slack,-
2019-04-19 14:24, ebb,-2.5
2019-04-19 17:15, slack,-
2019-04-19 19:55, flood,1.6
2019-04-19 23:10, slack,-
2019-04-20 02:48, ebb,-2.6
2019-04-20 05:45, slack,-
2019-04-20 08:25, flood,1.6
2019-04-20 11:40, slack,-
2019-04-20 15:06, ebb,-2.5
2019-04-20 18:03, slack,-
2019-04-20 20:43, flood,1.6
2019-04-20 23:58, slack,-
2019-04-21 03:30, ebb,-2.6
2019-04-21 06:33, slack,-
2019-04-21 09:13, flood,1.6
2019-04-21 12:28, slack,-
2019-04-21 15:54, ebb,-2.5
2019-04-21 18:51, slack,-
2019-04-21 21:31, flood,1.5
2019-04-22 00:46, slack,-
2019-04-22 04:18, ebb,-2.5
2019-04-22 07:21, slack,-
2019-04-22 10:01, flood,1.5
2019-04-22 13:16, slack,-
2019-04-22 16:36, ebb,-2.4
2019-04-22 19:39, slack,-
2019-04-22 22:19, flood,1.5
2019-04-23 01:34, slack,-
2019-04-23 05:00, ebb,-2.4
2019-04-23 08:09, slack,-
2019-04-23 10:43, flood,1.4
2019-04-23 14:04, slack,-
2019-04-23 17:24, ebb,-2.2
2019-04-23 20:27, slack,-
2019-04-23 23:07, flood,1.4
2019-04-24 02:22, slack,-
2019-04-24 05:48, ebb,-2.3
2019-04-24 09:03, slack,-
2019-04-24 11:37, flood,1.3
2019-04-24 14:52, slack,-
2019-04-24 18:12, ebb,-2.1
2019-04-24 21:21, slack,-
2019-04-24 23:55, flood,1.3
2019-04-25 03:16, slack,-
2019-04-25 06:36, ebb,-2.1
2019-04-25 09:57, slack,-
2019-04-25 12:31, flood,1.2
2019-04-25 15:46, slack,-
2019-04-25 19:00, ebb,-2.0
2019-04-25 22:15, slack,-
2019-04-26 00:49, flood,1.2
2019-04-26 04:10, slack,-
2019-04-26 07:30, ebb,-2.0
2019-04-26 10:51, slack,-
2019-04-26 13:25, flood,1.1
2019-04-26 16:40, slack,-
2019-04-26 19:54, ebb,-1.9
2019-04-26 23:15, slack,-
2019-04-27 01:49, flood,1.1
2019-04-27 05:04, slack,-
2019-04-27 08:30, ebb,-2.0
2019-04-27 11:45, slack,-
2019-04-27 14:25, flood,1.1
2019-04-27 17:34, slack,-
2019-04-27 20:54, ebb,-1.9
2019-04-28 00:09, slack,-
2019-04-28 02:55, flood,1.1
2019-04-28 05:58, slack,-
2019-04-28 09:24, ebb,-1.9
2019-04-28 12:39, slack,-
2019-04-28 15:19, flood,1.1
2019-04-28 18:28, slack,-
2019-04-28 21:54, ebb,-1.9
2019-04-29 01:03, slack,-
2019-04-29 03:43, flood,1.2
2019-04-29 06:52, slack,-
2019-04-29 10:24, ebb,-2.0
2019-04-29 13:33, slack,-
2019-04-29 16:13, flood,1.2
2019-04-29 19:16, slack,-
2019-04-29 22:42, ebb,-2.0
2019-04-30 01:51, slack,-
2019-04-30 04:31, flood,1.2
2019-04-30 07:40, slack,-
2019-04-30 11:12, ebb,-2.1
2019-04-30 14:15, slack,-
2019-04-30 16:55, flood,1.2
2019-04-30 20:04, slack,-
2019-04-30 23:30, ebb,-2.1
2019-05-01 02:33, slack,-
2019-05-01 05:13, flood,1.3
2019-05-01 08:28, slack,-
2019-05-01 11:54, ebb,-2.2
2019-05-01 14:57, slack,-
2019-05-01 17:31, flood,1.3
2019-05-01 20:46, slack,-
2019-05-02 00:12, ebb,-2.2
2019-05-02 03:15, slack,-
2019-05-02 05:55, flood,1.4
2019-05-02 09:10, slack,-
2019-05-02 12:30, ebb,-2.3
2019-05-02 15:39, slack,-
2019-05-02 18:13, flood,1.4
2019-05-02 21:28, slack,-
2019-05-03 00:48, ebb,-2.3
2019-05-03 03:57, slack,-
2019-05-03 06:31, flood,1.4
2019-05-03 09:52, slack,-
2019-05-03 13:12, ebb,-2.3
2019-05-03 16:15, slack,-
2019-05-03 18:49, flood,1.4
2019-05-03 22:04, slack,-
2019-05-04 01:30, ebb,-2.4
2019-05-04 04:39, slack,-
2019-05-04 07:07, flood,1.5
2019-05-04 10:28, slack,-
2019-05-04 13:48, ebb,-2.4
2019-05-04 16:51, slack,-
2019-05-04 19:25, flood,1.5
2019-05-04 22:46, slack,-
2019-05-05 02:12, ebb,-2.5
2019-05-05 05:15, slack,-
2019-05-05 07:49, flood,1.5
2019-05-05 11:10, slack,-
2019-05-05 14:30, ebb,-2.4
2019-05-05 17:27, slack,-
2019-05-05 20:01, flood,1.5
2019-05-05 23:22, slack,-
2019-05-06 02:54, ebb,-2.5
2019-05-06 05:57, slack,-
2019-05-06 08:31, flood,1.5
2019-05-06 11:52, slack,-
2019-05-06 15:12, ebb,-2.4
2019-05-06 18:09, slack,-
2019-05-06 20:43, flood,1.5
2019-05-07 00:04, slack,-
2019-05-07 03:36, ebb,-2.5
2019-05-07 06:39, slack,-
2019-05-07 09:13, flood,1.5
2019-05-07 12:34, slack,-
2019-05-07 15:54, ebb,-2.4
2019-05-07 18:51, slack,-
2019-05-07 21:31, flood,1.5
2019-05-08 00:52, slack,-
2019-05-08 04:18, ebb,-2.5
2019-05-08 07:21, slack,-
2019-05-08 10:01, flood,1.4
2019-05-08 13:22, slack,-
2019-05-08 16:42, ebb,-2.4
2019-05-08 19:33, slack,-
2019-05-08 22:19, flood,1.4
2019-05-09 01:40, slack,-
2019-05-09 05:06, ebb,-2.4
2019-05-09 08:15, slack,-
2019-05-09 10:49, flood,1.4
2019-05-09 14:10, slack,-
2019-05-09 17:36, ebb,-2.3
2019-05-09 20:27, slack,-
2019-05-09 23:07, flood,1.4
2019-05-10 02:34, slack,-
2019-05-10 06:00, ebb,-2.4
2019-05-10 09:09, slack,-
2019-05-10 11:43, flood,1.3
2019-05-10 15:10, slack,-
2019-05-10 18:30, ebb,-2.2
2019-05-10 21:27, slack,-
2019-05-11 00:07, flood,1.3
2019-05-11 03:34, slack,-
2019-05-11 07:00, ebb,-2.3
2019-05-11 10:15, slack,-
2019-05-11 12:49, flood,1.3
2019-05-11 16:10, slack,-
2019-05-11 19:30, ebb,-2.2
2019-05-11 22:39, slack,-
2019-05-12 01:13, flood,1.3
2019-05-12 04:40, slack,-
2019-05-12 08:06, ebb,-2.2
2019-05-12 11:21, slack,-
2019-05-12 13:55, flood,1.3
2019-05-12 17:16, slack,-
2019-05-12 20:36, ebb,-2.2
2019-05-12 23:51, slack,-
2019-05-13 02:25, flood,1.3
2019-05-13 05:46, slack,-
2019-05-13 09:12, ebb,-2.2
2019-05-13 12:27, slack,-
2019-05-13 15:01, flood,1.3
2019-05-13 18:22, slack,-
2019-05-13 21:48, ebb,-2.3
2019-05-14 00:57, slack,-
2019-05-14 03:37, flood,1.4
2019-05-14 06:52, slack,-
2019-05-14 10:24, ebb,-2.3
2019-05-14 13:27, slack,-
2019-05-14 16:07, flood,1.4
2019-05-14 19:22, slack,-
2019-05-14 22:54, ebb,-2.3
2019-05-15 01:57, slack,-
2019-05-15 04:43, flood,1.4
2019-05-15 07:52, slack,-
2019-05-15 11:24, ebb,-2.4
2019-05-15 14:27, slack,-
2019-05-15 17:07, flood,1.5
2019-05-15 20:16, slack,-
2019-05-15 23:54, ebb,-2.4
2019-05-16 02:57, slack,-
2019-05-16 05:37, flood,1.5
2019-05-16 08:46, slack,-
2019-05-16 12:24, ebb,-2.4
2019-05-16 15:21, slack,-
2019-05-16 18:01, flood,1.5
2019-05-16 21:10, slack,-
2019-05-17 00:48, ebb,-2.5
2019-05-17 03:51, slack,-
2019-05-17 06:31, flood,1.5
2019-05-17 09:40, slack,-
2019-05-17 13:12, ebb,-2.5
2019-05-17 16:09, slack,-
2019-05-17 18:49, flood,1.6
2019-05-17 21:58, slack,-
2019-05-18 01:36, ebb,-2.6
2019-05-18 04:39, slack,-
2019-05-18 07:19, flood,1.6
2019-05-18 10:28, slack,-
2019-05-18 14:00, ebb,-2.5
2019-05-18 16:57, slack,-
2019-05-18 19:37, flood,1.6
2019-05-18 22:46, slack,-
2019-05-19 02:24, ebb,-2.6
2019-05-19 05:27, slack,-
2019-05-19 08:07, flood,1.5
2019-05-19 11:16, slack,-
2019-05-19 14:48, ebb,-2.5
2019-05-19 17:45, slack,-
2019-05-19 20:19, flood,1.5
2019-05-19 23:34, slack,-
2019-05-20 03:12, ebb,-2.5
2019-05-20 06:15, slack,-
2019-05-20 08:49, flood,1.5
2019-05-20 12:04, slack,-
2019-05-20 15:30, ebb,-2.4
2019-05-20 18:27, slack,-
2019-05-20 21:07, flood,1.5
2019-05-21 00:22, slack,-
2019-05-21 03:54, ebb,-2.5
2019-05-21 06:57, slack,-
2019-05-21 09:31, flood,1.4
2019-05-21 12:46, slack,-
2019-05-21 16:12, ebb,-2.3
2019-05-21 19:15, slack,-
2019-05-21 21:49, flood,1.4
2019-05-22 01:04, slack,-
2019-05-22 04:36, ebb,-2.4
2019-05-22 07:45, slack,-
2019-05-22 10:19, flood,1.4
2019-05-22 13:34, slack,-
2019-05-22 16:54, ebb,-2.2
2019-05-22 20:03, slack,-
2019-05-22 22:37, flood,1.3
2019-05-23 01:52, slack,-
2019-05-23 05:18, ebb,-2.3
2019-05-23 08:33, slack,-
2019-05-23 11:07, flood,1.3
2019-05-23 14:22, slack,-
2019-05-23 17:36, ebb,-2.1
2019-05-23 20:51, slack,-
2019-05-23 23:25, flood,1.2
2019-05-24 02:40, slack,-
2019-05-24 06:00, ebb,-2.2
2019-05-24 09:21, slack,-
2019-05-24 11:55, flood,1.2
2019-05-24 15:10, slack,-
2019-05-24 18:24, ebb,-2.1
2019-05-24 21:39, slack,-
2019-05-25 00:13, flood,1.2
2019-05-25 03:28, slack,-
2019-05-25 06:48, ebb,-2.1
2019-05-25 10:15, slack,-
2019-05-25 12:43, flood,1.1
2019-05-25 15:58, slack,-
2019-05-25 19:12, ebb,-2.0
2019-05-25 22:33, slack,-
2019-05-26 01:07, flood,1.1
2019-05-26 04:22, slack,-
2019-05-26 07:42, ebb,-2.0
2019-05-26 11:03, slack,-
2019-05-26 13:37, flood,1.1
2019-05-26 16:52, slack,-
2019-05-26 20:06, ebb,-2.0
2019-05-26 23:27, slack,-
2019-05-27 02:01, flood,1.1
2019-05-27 05:16, slack,-
2019-05-27 08:36, ebb,-2.0
2019-05-27 11:57, slack,-
2019-05-27 14:25, flood,1.1
2019-05-27 17:40, slack,-
2019-05-27 21:00, ebb,-2.0
2019-05-28 00:21, slack,-
2019-05-28 02:55, flood,1.1
2019-05-28 06:04, slack,-
2019-05-28 09:30, ebb,-2.0
2019-05-28 12:45, slack,-
2019-05-28 15:19, flood,1.1
2019-05-28 18:28, slack,-
2019-05-28 21:54, ebb,-2.1
2019-05-29 01:09, slack,-
2019-05-29 03:43, flood,1.2
2019-05-29 06:58, slack,-
2019-05-29 10:18, ebb,-2.1
2019-05-29 13:33, slack,-
2019-05-29 16:07, flood,1.2
2019-05-29 19:16, slack,-
2019-05-29 22:42, ebb,-2.2
2019-05-30 01:57, slack,-
2019-05-30 04:31, flood,1.2
2019-05-30 07:46, slack,-
2019-05-30 11:06, ebb,-2.2
2019-05-30 14:15, slack,-
2019-05-30 16:49, flood,1.3
2019-05-30 20:04, slack,-
2019-05-30 23:30, ebb,-2.3
2019-05-31 02:45, slack,-
2019-05-31 05:13, flood,1.3
2019-05-31 08:28, slack,-
2019-05-31 11:54, ebb,-2.2
2019-05-31 14:57, slack,-
2019-05-31 17:31, flood,1.3
2019-05-31 20:46, slack,-
2019-06-01 00:12, ebb,-2.4
2019-06-01 03:27, slack,-
2019-06-01 05:55, flood,1.4
2019-06-01 09:16, slack,-
2019-06-01 12:36, ebb,-2.3
2019-06-01 15:39, slack,-
2019-06-01 18:13, flood,1.4
2019-06-01 21:28, slack,-
2019-06-02 01:00, ebb,-2.4
2019-06-02 04:09, slack,-
2019-06-02 06:37, flood,1.4
2019-06-02 09:58, slack,-
2019-06-02 13:18, ebb,-2.4
2019-06-02 16:21, slack,-
2019-06-02 18:55, flood,1.4
2019-06-02 22:16, slack,-
2019-06-03 01:42, ebb,-2.5
2019-06-03 04:51, slack,-
2019-06-03 07:25, flood,1.4
2019-06-03 10:40, slack,-
2019-06-03 14:06, ebb,-2.4
2019-06-03 17:03, slack,-
2019-06-03 19:37, flood,1.5
2019-06-03 22:58, slack,-
2019-06-04 02:30, ebb,-2.5
2019-06-04 05:39, slack,-
2019-06-04 08:07, flood,1.5
2019-06-04 11:28, slack,-
2019-06-04 14:48, ebb,-2.4
2019-06-04 17:45, slack,-
2019-06-04 20:25, flood,1.5
2019-06-04 23:46, slack,-
2019-06-05 03:12, ebb,-2.6
2019-06-05 06:21, slack,-
2019-06-05 08:55, flood,1.5
2019-06-05 12:10, slack,-
2019-06-05 15:36, ebb,-2.4
2019-06-05 18:33, slack,-
2019-06-05 21:13, flood,1.5
2019-06-06 00:34, slack,-
2019-06-06 04:06, ebb,-2.5
2019-06-06 07:15, slack,-
2019-06-06 09:43, flood,1.4
2019-06-06 13:04, slack,-
2019-06-06 16:24, ebb,-2.4
2019-06-06 19:27, slack,-
2019-06-06 22:01, flood,1.4
2019-06-07 01:22, slack,-
2019-06-07 04:54, ebb,-2.5
2019-06-07 08:03, slack,-
2019-06-07 10:37, flood,1.4
2019-06-07 13:58, slack,-
2019-06-07 17:18, ebb,-2.4
2019-06-07 20:21, slack,-
2019-06-07 23:01, flood,1.4
2019-06-08 02:22, slack,-
2019-06-08 05:48, ebb,-2.4
2019-06-08 09:03, slack,-
2019-06-08 11:31, flood,1.3
2019-06-08 14:52, slack,-
2019-06-08 18:18, ebb,-2.3
2019-06-08 21:27, slack,-
2019-06-09 00:01, flood,1.4
2019-06-09 03:22, slack,-
2019-06-09 06:48, ebb,-2.3
2019-06-09 10:03, slack,-
2019-06-09 12:37, flood,1.3
2019-06-09 15:52, slack,-
2019-06-09 19:18, ebb,-2.3
2019-06-09 22:33, slack,-
2019-06-10 01:07, flood,1.3
2019-06-10 04:22, slack,-
2019-06-10 07:48, ebb,-2.3
2019-06-10 11:09, slack,-
2019-06-10 13:43, flood,1.3
2019-06-10 16:58, slack,-
2019-06-10 20:24, ebb,-2.3
2019-06-10 23:39, slack,-
2019-06-11 02:13, flood,1.3
2019-06-11 05:28, slack,-
2019-06-11 09:00, ebb,-2.3
2019-06-11 12:09, slack,-
2019-06-11 14:49, flood,1.3
2019-06-11 17:58, slack,-
2019-06-11 21:30, ebb,-2.3
2019-06-12 00:45, slack,-
2019-06-12 03:19, flood,1.3
2019-06-12 06:34, slack,-
2019-06-12 10:06, ebb,-2.3
2019-06-12 13:09, slack,-
2019-06-12 15:49, flood,1.4
2019-06-12 18:58, slack,-
2019-06-12 22:36, ebb,-2.3
2019-06-13 01:45, slack,-
2019-06-13 04:25, flood,1.4
2019-06-13 07:34, slack,-
2019-06-13 11:06, ebb,-2.3
2019-06-13 14:09, slack,-
2019-06-13 16:49, flood,1.4
2019-06-13 19:58, slack,-
2019-06-13 23:36, ebb,-2.4
2019-06-14 02:39, slack,-
2019-06-14 05:19, flood,1.4
2019-06-14 08:28, slack,-
2019-06-14 12:06, ebb,-2.3
2019-06-14 14:57, slack,-
2019-06-14 17:43, flood,1.5
2019-06-14 20:46, slack,-
2019-06-15 00:30, ebb,-2.4
2019-06-15 03:33, slack,-
2019-06-15 06:13, flood,1.4
2019-06-15 09:16, slack,-
2019-06-15 12:54, ebb,-2.4
2019-06-15 15:51, slack,-
2019-06-15 18:31, flood,1.5
2019-06-15 21:40, slack,-
2019-06-16 01:18, ebb,-2.5
2019-06-16 04:21, slack,-
2019-06-16 07:01, flood,1.5
2019-06-16 10:04, slack,-
2019-06-16 13:42, ebb,-2.4
2019-06-16 16:33, slack,-
2019-06-16 19:13, flood,1.5
2019-06-16 22:22, slack,-
2019-06-17 02:06, ebb,-2.5
2019-06-17 05:09, slack,-
2019-06-17 07:43, flood,1.5
2019-06-17 10:52, slack,-
2019-06-17 14:24, ebb,-2.4
2019-06-17 17:21, slack,-
2019-06-17 20:01, flood,1.5
2019-06-17 23:10, slack,-
2019-06-18 02:48, ebb,-2.5
2019-06-18 05:51, slack,-
2019-06-18 08:25, flood,1.4
2019-06-18 11:34, slack,-
2019-06-18 15:06, ebb,-2.4
2019-06-18 18:03, slack,-
2019-06-18 20:43, flood,1.4
2019-06-18 23:52, slack,-
2019-06-19 03:24, ebb,-2.4
2019-06-19 06:39, slack,-
2019-06-19 09:07, flood,1.4
2019-06-19 12:22, slack,-
2019-06-19 15:42, ebb,-2.3
2019-06-19 18:51, slack,-
2019-06-19 21:25, flood,1.4
2019-06-20 00:40, slack,-
2019-06-20 04:06, ebb,-2.4
2019-06-20 07:21, slack,-
2019-06-20 09:49, flood,1.3
2019-06-20 13:04, slack,-
2019-06-20 16:24, ebb,-2.3
2019-06-20 19:33, slack,-
2019-06-20 22:07, flood,1.3
2019-06-21 01:22, slack,-
2019-06-21 04:48, ebb,-2.3
2019-06-21 08:03, slack,-
2019-06-21 10:31, flood,1.3
2019-06-21 13:46, slack,-
2019-06-21 17:06, ebb,-2.2
2019-06-21 20:15, slack,-
2019-06-21 22:49, flood,1.3
2019-06-22 02:04, slack,-
2019-06-22 05:30, ebb,-2.2
2019-06-22 08:45, slack,-
2019-06-22 11:13, flood,1.2
2019-06-22 14:28, slack,-
2019-06-22 17:48, ebb,-2.1
2019-06-22 21:03, slack,-
2019-06-22 23:31, flood,1.2
2019-06-23 02:52, slack,-
2019-06-23 06:12, ebb,-2.2
2019-06-23 09:33, slack,-
2019-06-23 12:01, flood,1.2
2019-06-23 15:16, slack,-
2019-06-23 18:36, ebb,-2.1
2019-06-23 21:51, slack,-
2019-06-24 00:19, flood,1.2
2019-06-24 03:40, slack,-
2019-06-24 07:00, ebb,-2.1
2019-06-24 10:21, slack,-
2019-06-24 12:43, flood,1.1
2019-06-24 16:04, slack,-
2019-06-24 19:24, ebb,-2.1
2019-06-24 22:39, slack,-
2019-06-25 01:07, flood,1.1
2019-06-25 04:28, slack,-
2019-06-25 07:48, ebb,-2.1
2019-06-25 11:09, slack,-
2019-06-25 13:37, flood,1.1
2019-06-25 16:52, slack,-
2019-06-25 20:12, ebb,-2.1
2019-06-25 23:33, slack,-
2019-06-26 02:01, flood,1.1
2019-06-26 05:22, slack,-
2019-06-26 08:36, ebb,-2.1
2019-06-26 11:57, slack,-
2019-06-26 14:25, flood,1.1
2019-06-26 17:40, slack,-
2019-06-26 21:06, ebb,-2.1
2019-06-27 00:21, slack,-
2019-06-27 02:49, flood,1.2
2019-06-27 06:10, slack,-
2019-06-27 09:30, ebb,-2.1
2019-06-27 12:45, slack,-
2019-06-27 15:13, flood,1.2
2019-06-27 18:34, slack,-
2019-06-27 21:54, ebb,-2.2
2019-06-28 01:15, slack,-
2019-06-28 03:43, flood,1.2
2019-06-28 07:04, slack,-
2019-06-28 10:18, ebb,-2.2
2019-06-28 13:33, slack,-
2019-06-28 16:07, flood,1.2
2019-06-28 19:22, slack,-
2019-06-28 22:48, ebb,-2.2
2019-06-29 02:03, slack,-
2019-06-29 04:31, flood,1.3
2019-06-29 07:52, slack,-
2019-06-29 11:12, ebb,-2.2
2019-06-29 14:21, slack,-
2019-06-29 16:55, flood,1.3
2019-06-29 20:10, slack,-
2019-06-29 23:42, ebb,-2.3
2019-06-30 02:51, slack,-
2019-06-30 05:25, flood,1.3
2019-06-30 08:40, slack,-
2019-06-30 12:00, ebb,-2.3
2019-06-30 15:09, slack,-
2019-06-30 17:43, flood,1.4
2019-06-30 20:58, slack,-
2019-07-01 00:30, ebb,-2.4
2019-07-01 03:39, slack,-
2019-07-01 06:13, flood,1.4
2019-07-01 09:28, slack,-
2019-07-01 12:54, ebb,-2.4
2019-07-01 15:51, slack,-
2019-07-01 18:31, flood,1.4
2019-07-01 21:46, slack,-
2019-07-02 01:18, ebb,-2.5
2019-07-02 04:27, slack,-
2019-07-02 07:01, flood,1.4
2019-07-02 10:16, slack,-
2019-07-02 13:42, ebb,-2.4
2019-07-02 16:39, slack,-
2019-07-02 19:19, flood,1.5
2019-07-02 22:40, slack,-
2019-07-03 02:06, ebb,-2.6
2019-07-03 05:15, slack,-
2019-07-03 07:49, flood,1.5
2019-07-03 11:04, slack,-
2019-07-03 14:30, ebb,-2.5
2019-07-03 17:33, slack,-
2019-07-03 20:07, flood,1.5
2019-07-03 23:28, slack,-
2019-07-04 03:00, ebb,-2.6
2019-07-04 06:09, slack,-
2019-07-04 08:37, flood,1.5
2019-07-04 11:58, slack,-
2019-07-04 15:18, ebb,-2.5
2019-07-04 18:21, slack,-
2019-07-04 21:01, flood,1.5
2019-07-05 00:22, slack,-
2019-07-05 03:48, ebb,-2.6
2019-07-05 06:57, slack,-
2019-07-05 09:31, flood,1.5
2019-07-05 12:46, slack,-
2019-07-05 16:12, ebb,-2.5
2019-07-05 19:15, slack,-
2019-07-05 21:49, flood,1.5
2019-07-06 01:16, slack,-
2019-07-06 04:42, ebb,-2.5
2019-07-06 07:51, slack,-
2019-07-06 10:25, flood,1.5
2019-07-06 13:40, slack,-
2019-07-06 17:06, ebb,-2.4
2019-07-06 20:09, slack,-
2019-07-06 22:49, flood,1.5
2019-07-07 02:10, slack,-
2019-07-07 05:36, ebb,-2.5
2019-07-07 08:45, slack,-
2019-07-07 11:19, flood,1.4
2019-07-07 14:40, slack,-
2019-07-07 18:06, ebb,-2.4
2019-07-07 21:09, slack,-
2019-07-07 23:49, flood,1.4
2019-07-08 03:10, slack,-
2019-07-08 06:36, ebb,-2.4
2019-07-08 09:45, slack,-
2019-07-08 12:19, flood,1.4
2019-07-08 15:40, slack,-
2019-07-08 19:00, ebb,-2.3
2019-07-08 22:15, slack,-
2019-07-09 00:49, flood,1.4
2019-07-09 04:10, slack,-
2019-07-09 07:36, ebb,-2.3
2019-07-09 10:45, slack,-
2019-07-09 13:25, flood,1.3
2019-07-09 16:40, slack,-
2019-07-09 20:06, ebb,-2.3
2019-07-09 23:21, slack,-
2019-07-10 01:55, flood,1.3
2019-07-10 05:10, slack,-
2019-07-10 08:36, ebb,-2.2
2019-07-10 11:45, slack,-
2019-07-10 14:25, flood,1.3
2019-07-10 17:40, slack,-
2019-07-10 21:12, ebb,-2.3
2019-07-11 00:21, slack,-
2019-07-11 03:01, flood,1.3
2019-07-11 06:10, slack,-
2019-07-11 09:42, ebb,-2.2
2019-07-11 12:45, slack,-
2019-07-11 15:31, flood,1.3
2019-07-11 18:40, slack,-
2019-07-11 22:18, ebb,-2.3
2019-07-12 01:27, slack,-
2019-07-12 04:07, flood,1.3
2019-07-12 07:10, slack,-
2019-07-12 10:48, ebb,-2.2
2019-07-12 13:45, slack,-
2019-07-12 16:31, flood,1.4
2019-07-12 19:34, slack,-
2019-07-12 23:24, ebb,-2.3
2019-07-13 02:21, slack,-
2019-07-13 05:01, flood,1.4
2019-07-13 08:04, slack,-
2019-07-13 11:48, ebb,-2.2
2019-07-13 14:39, slack,-
2019-07-13 17:25, flood,1.4
2019-07-13 20:28, slack,-
2019-07-14 00:18, ebb,-2.3
2019-07-14 03:15, slack,-
2019-07-14 05:55, flood,1.4
2019-07-14 08:58, slack,-
2019-07-14 12:36, ebb,-2.3
2019-07-14 15:27, slack,-
2019-07-14 18:13, flood,1.4
2019-07-14 21:16, slack,-
2019-07-15 01:06, ebb,-2.4
2019-07-15 04:03, slack,-
2019-07-15 06:37, flood,1.4
2019-07-15 09:46, slack,-
2019-07-15 13:24, ebb,-2.3
2019-07-15 16:15, slack,-
2019-07-15 18:55, flood,1.4
2019-07-15 22:04, slack,-
2019-07-16 01:48, ebb,-2.4
2019-07-16 04:45, slack,-
2019-07-16 07:25, flood,1.4
2019-07-16 10:28, slack,-
2019-07-16 14:00, ebb,-2.3
2019-07-16 16:57, slack,-
2019-07-16 19:37, flood,1.4
2019-07-16 22:52, slack,-
2019-07-17 02:24, ebb,-2.4
2019-07-17 05:27, slack,-
2019-07-17 08:01, flood,1.4
2019-07-17 11:10, slack,-
2019-07-17 14:42, ebb,-2.3
2019-07-17 17:39, slack,-
2019-07-17 20:19, flood,1.4
2019-07-17 23:34, slack,-
2019-07-18 03:00, ebb,-2.4
2019-07-18 06:09, slack,-
2019-07-18 08:43, flood,1.4
2019-07-18 11:52, slack,-
2019-07-18 15:18, ebb,-2.3
2019-07-18 18:21, slack,-
2019-07-18 20:55, flood,1.4
2019-07-19 00:10, slack,-
2019-07-19 03:42, ebb,-2.3
2019-07-19 06:45, slack,-
2019-07-19 09:19, flood,1.4
2019-07-19 12:34, slack,-
2019-07-19 15:54, ebb,-2.3
2019-07-19 18:57, slack,-
2019-07-19 21:37, flood,1.4
2019-07-20 00:52, slack,-
2019-07-20 04:18, ebb,-2.3
2019-07-20 07:27, slack,-
2019-07-20 09:55, flood,1.3
2019-07-20 13:16, slack,-
2019-07-20 16:36, ebb,-2.3
2019-07-20 19:39, slack,-
2019-07-20 22:13, flood,1.3
2019-07-21 01:34, slack,-
2019-07-21 04:54, ebb,-2.3
2019-07-21 08:09, slack,-
2019-07-21 10:37, flood,1.3
2019-07-21 13:52, slack,-
2019-07-21 17:12, ebb,-2.2
2019-07-21 20:21, slack,-
2019-07-21 22:55, flood,1.3
2019-07-22 02:16, slack,-
2019-07-22 05:36, ebb,-2.2
2019-07-22 08:45, slack,-
2019-07-22 11:19, flood,1.2
2019-07-22 14:40, slack,-
2019-07-22 17:54, ebb,-2.2
2019-07-22 21:03, slack,-
2019-07-22 23:37, flood,1.3
2019-07-23 02:58, slack,-
2019-07-23 06:18, ebb,-2.2
2019-07-23 09:27, slack,-
2019-07-23 12:01, flood,1.2
2019-07-23 15:22, slack,-
2019-07-23 18:42, ebb,-2.2
2019-07-23 21:51, slack,-
2019-07-24 00:25, flood,1.2
2019-07-24 03:46, slack,-
2019-07-24 07:06, ebb,-2.1
2019-07-24 10:15, slack,-
2019-07-24 12:49, flood,1.2
2019-07-24 16:10, slack,-
2019-07-24 19:30, ebb,-2.1
2019-07-24 22:39, slack,-
2019-07-25 01:13, flood,1.2
2019-07-25 04:34, slack,-
2019-07-25 07:54, ebb,-2.1
2019-07-25 11:03, slack,-
2019-07-25 13:37, flood,1.2
2019-07-25 16:58, slack,-
2019-07-25 20:24, ebb,-2.1
2019-07-25 23:33, slack,-
2019-07-26 02:07, flood,1.2
2019-07-26 05:28, slack,-
2019-07-26 08:48, ebb,-2.1
2019-07-26 11:51, slack,-
2019-07-26 14:31, flood,1.2
2019-07-26 17:52, slack,-
2019-07-26 21:18, ebb,-2.2
2019-07-27 00:27, slack,-
2019-07-27 03:01, flood,1.2
2019-07-27 06:22, slack,-
2019-07-27 09:42, ebb,-2.1
2019-07-27 12:45, slack,-
2019-07-27 15:25, flood,1.2
2019-07-27 18:46, slack,-
2019-07-27 22:12, ebb,-2.2
2019-07-28 01:27, slack,-
2019-07-28 03:55, flood,1.3
2019-07-28 07:22, slack,-
2019-07-28 10:36, ebb,-2.2
2019-07-28 13:39, slack,-
2019-07-28 16:19, flood,1.3
2019-07-28 19:46, slack,-
2019-07-28 23:06, ebb,-2.3
2019-07-29 02:21, slack,-
2019-07-29 04:55, flood,1.3
2019-07-29 08:16, slack,-
2019-07-29 11:36, ebb,-2.3
2019-07-29 14:33, slack,-
2019-07-29 17:13, flood,1.4
2019-07-29 20:40, slack,-
2019-07-30 00:06, ebb,-2.4
2019-07-30 03:15, slack,-
2019-07-30 05:49, flood,1.4
2019-07-30 09:10, slack,-
2019-07-30 12:30, ebb,-2.3
2019-07-30 15:27, slack,-
2019-07-30 18:07, flood,1.5
2019-07-30 21:34, slack,-
2019-07-31 01:00, ebb,-2.5
2019-07-31 04:03, slack,-
2019-07-31 06:37, flood,1.5
2019-07-31 09:58, slack,-
2019-07-31 13:18, ebb,-2.4
2019-07-31 16:21, slack,-
2019-07-31 19:01, flood,1.5
2019-07-31 22:22, slack,-
2019-08-01 01:54, ebb,-2.5
2019-08-01 04:57, slack,-
2019-08-01 07:31, flood,1.5
2019-08-01 10:52, slack,-
2019-08-01 14:12, ebb,-2.5
2019-08-01 17:15, slack,-
2019-08-01 19:55, flood,1.6
2019-08-01 23:16, slack,-
2019-08-02 02:42, ebb,-2.6
2019-08-02 05:45, slack,-
2019-08-02 08:25, flood,1.6
2019-08-02 11:40, slack,-
2019-08-02 15:06, ebb,-2.5
2019-08-02 18:03, slack,-
2019-08-02 20:49, flood,1.6
2019-08-03 00:10, slack,-
2019-08-03 03:36, ebb,-2.6
2019-08-03 06:39, slack,-
2019-08-03 09:13, flood,1.6
2019-08-03 12:34, slack,-
2019-08-03 16:00, ebb,-2.5
2019-08-03 18:57, slack,-
2019-08-03 21:37, flood,1.6
2019-08-04 01:04, slack,-
2019-08-04 04:30, ebb,-2.5
2019-08-04 07:33, slack,-
2019-08-04 10:07, flood,1.5
2019-08-04 13:28, slack,-
2019-08-04 16:54, ebb,-2.5
2019-08-04 19:57, slack,-
2019-08-04 22:37, flood,1.6
2019-08-05 01:58, slack,-
2019-08-05 05:18, ebb,-2.5
2019-08-05 08:27, slack,-
2019-08-05 11:01, flood,1.5
2019-08-05 14:22, slack,-
2019-08-05 17:48, ebb,-2.4
2019-08-05 20:51, slack,-
2019-08-05 23:31, flood,1.5
2019-08-06 02:52, slack,-
2019-08-06 06:18, ebb,-2.4
2019-08-06 09:21, slack,-
2019-08-06 12:01, flood,1.4
2019-08-06 15:22, slack,-
2019-08-06 18:42, ebb,-2.3
2019-08-06 21:51, slack,-
2019-08-07 00:31, flood,1.4
2019-08-07 03:52, slack,-
2019-08-07 07:12, ebb,-2.3
2019-08-07 10:21, slack,-
2019-08-07 13:01, flood,1.4
2019-08-07 16:16, slack,-
2019-08-07 19:42, ebb,-2.3
2019-08-07 22:57, slack,-
2019-08-08 01:37, flood,1.3
2019-08-08 04:52, slack,-
2019-08-08 08:18, ebb,-2.2
2019-08-08 11:21, slack,-
2019-08-08 14:07, flood,1.3
2019-08-08 17:22, slack,-
2019-08-08 20:54, ebb,-2.2
2019-08-08 23:57, slack,-
2019-08-09 02:43, flood,1.3
2019-08-09 05:52, slack,-
2019-08-09 09:24, ebb,-2.1
2019-08-09 12:21, slack,-
2019-08-09 15:07, flood,1.3
2019-08-09 18:22, slack,-
2019-08-09 22:06, ebb,-2.1
2019-08-10 00:57, slack,-
2019-08-10 03:49, flood,1.3
2019-08-10 06:52, slack,-
2019-08-10 10:30, ebb,-2.1
2019-08-10 13:21, slack,-
2019-08-10 16:13, flood,1.3
2019-08-10 19:16, slack,-
2019-08-10 23:06, ebb,-2.2
2019-08-11 01:57, slack,-
2019-08-11 04:43, flood,1.3
2019-08-11 07:46, slack,-
2019-08-11 11:30, ebb,-2.1
2019-08-11 14:15, slack,-
2019-08-11 17:07, flood,1.3
2019-08-11 20:10, slack,-
2019-08-12 00:00, ebb,-2.2
2019-08-12 02:51, slack,-
2019-08-12 05:37, flood,1.3
2019-08-12 08:40, slack,-
2019-08-12 12:24, ebb,-2.1
2019-08-12 15:03, slack,-
2019-08-12 17:55, flood,1.4
2019-08-12 21:04, slack,-
2019-08-13 00:48, ebb,-2.2
2019-08-13 03:33, slack,-
2019-08-13 06:19, flood,1.4
2019-08-13 09:28, slack,-
2019-08-13 13:06, ebb,-2.2
2019-08-13 15:51, slack,-
2019-08-13 18:37, flood,1.4
2019-08-13 21:46, slack,-
2019-08-14 01:30, ebb,-2.3
2019-08-14 04:15, slack,-
2019-08-14 07:01, flood,1.4
2019-08-14 10:10, slack,-
2019-08-14 13:42, ebb,-2.2
2019-08-14 16:33, slack,-
2019-08-14 19:13, flood,1.4
2019-08-14 22:28, slack,-
2019-08-15 02:00, ebb,-2.3
2019-08-15 04:57, slack,-
2019-08-15 07:37, flood,1.4
2019-08-15 10:46, slack,-
2019-08-15 14:12, ebb,-2.3
2019-08-15 17:09, slack,-
2019-08-15 19:55, flood,1.5
2019-08-15 23:10, slack,-
2019-08-16 02:36, ebb,-2.3
2019-08-16 05:33, slack,-
2019-08-16 08:13, flood,1.4
2019-08-16 11:28, slack,-
2019-08-16 14:48, ebb,-2.3
2019-08-16 17:45, slack,-
2019-08-16 20:31, flood,1.5
2019-08-16 23:46, slack,-
2019-08-17 03:12, ebb,-2.3
2019-08-17 06:15, slack,-
2019-08-17 08:49, flood,1.4
2019-08-17 12:04, slack,-
2019-08-17 15:24, ebb,-2.3
2019-08-17 18:27, slack,-
2019-08-17 21:01, flood,1.4
2019-08-18 00:28, slack,-
2019-08-18 03:42, ebb,-2.3
2019-08-18 06:51, slack,-
2019-08-18 09:25, flood,1.4
2019-08-18 12:46, slack,-
2019-08-18 16:00, ebb,-2.3
2019-08-18 19:03, slack,-
2019-08-18 21:43, flood,1.4
2019-08-19 01:04, slack,-
2019-08-19 04:24, ebb,-2.3
2019-08-19 07:27, slack,-
2019-08-19 10:01, flood,1.4
2019-08-19 13:22, slack,-
2019-08-19 16:42, ebb,-2.3
2019-08-19 19:39, slack,-
2019-08-19 22:19, flood,1.4
2019-08-20 01:46, slack,-
2019-08-20 05:00, ebb,-2.3
2019-08-20 08:03, slack,-
2019-08-20 10:37, flood,1.3
2019-08-20 13:58, slack,-
2019-08-20 17:18, ebb,-2.2
2019-08-20 20:15, slack,-
2019-08-20 23:01, flood,1.3
2019-08-21 02:28, slack,-
2019-08-21 05:42, ebb,-2.2
2019-08-21 08:39, slack,-
2019-08-21 11:19, flood,1.3
2019-08-21 14:40, slack,-
2019-08-21 18:06, ebb,-2.2
2019-08-21 20:57, slack,-
2019-08-21 23:43, flood,1.3
2019-08-22 03:10, slack,-
2019-08-22 06:30, ebb,-2.1
2019-08-22 09:21, slack,-
2019-08-22 12:01, flood,1.3
2019-08-22 15:28, slack,-
2019-08-22 18:48, ebb,-2.2
2019-08-22 21:45, slack,-
2019-08-23 00:31, flood,1.2
2019-08-23 03:58, slack,-
2019-08-23 07:18, ebb,-2.1
2019-08-23 10:09, slack,-
2019-08-23 12:55, flood,1.2
2019-08-23 16:22, slack,-
2019-08-23 19:42, ebb,-2.1
2019-08-23 22:45, slack,-
2019-08-24 01:25, flood,1.2
2019-08-24 04:58, slack,-
2019-08-24 08:12, ebb,-2.1
2019-08-24 11:03, slack,-
2019-08-24 13:49, flood,1.2
2019-08-24 17:16, slack,-
2019-08-24 20:42, ebb,-2.1
2019-08-24 23:45, slack,-
2019-08-25 02:25, flood,1.2
2019-08-25 05:52, slack,-
2019-08-25 09:06, ebb,-2.1
2019-08-25 12:03, slack,-
2019-08-25 14:49, flood,1.3
2019-08-25 18:22, slack,-
2019-08-25 21:42, ebb,-2.2
2019-08-26 00:51, slack,-
2019-08-26 03:25, flood,1.3
2019-08-26 06:52, slack,-
2019-08-26 10:06, ebb,-2.1
2019-08-26 13:09, slack,-
2019-08-26 15:55, flood,1.3
2019-08-26 19:22, slack,-
2019-08-26 22:42, ebb,-2.2
2019-08-27 01:51, slack,-
2019-08-27 04:25, flood,1.3
2019-08-27 07:52, slack,-
2019-08-27 11:12, ebb,-2.2
2019-08-27 14:09, slack,-
2019-08-27 16:55, flood,1.4
2019-08-27 20:22, slack,-
2019-08-27 23:42, ebb,-2.3
2019-08-28 02:51, slack,-
2019-08-28 05:25, flood,1.4
2019-08-28 08:52, slack,-
2019-08-28 12:06, ebb,-2.3
2019-08-28 15:09, slack,-
2019-08-28 17:49, flood,1.5
2019-08-28 21:16, slack,-
2019-08-29 00:42, ebb,-2.4
2019-08-29 03:45, slack,-
2019-08-29 06:25, flood,1.5
2019-08-29 09:46, slack,-
2019-08-29 13:06, ebb,-2.4
2019-08-29 16:03, slack,-
2019-08-29 18:49, flood,1.6
2019-08-29 22:10, slack,-
2019-08-30 01:36, ebb,-2.5
2019-08-30 04:33, slack,-
2019-08-30 07:13, flood,1.6
2019-08-30 10:34, slack,-
2019-08-30 14:00, ebb,-2.5
2019-08-30 16:57, slack,-
2019-08-30 19:37, flood,1.7
2019-08-30 23:04, slack,-
2019-08-31 02:30, ebb,-2.6
2019-08-31 05:27, slack,-
2019-08-31 08:07, flood,1.6
2019-08-31 11:28, slack,-
2019-08-31 14:48, ebb,-2.6
2019-08-31 17:51, slack,-
2019-08-31 20:31, flood,1.7
2019-08-31 23:58, slack,-
2019-09-01 03:18, ebb,-2.6
2019-09-01 06:15, slack,-
2019-09-01 08:55, flood,1.6
2019-09-01 12:16, slack,-
2019-09-01 15:42, ebb,-2.6
2019-09-01 18:39, slack,-
2019-09-01 21:25, flood,1.7
2019-09-02 00:46, slack,-
2019-09-02 04:12, ebb,-2.5
2019-09-02 07:09, slack,-
2019-09-02 09:49, flood,1.6
2019-09-02 13:10, slack,-
2019-09-02 16:36, ebb,-2.5
2019-09-02 19:33, slack,-
2019-09-02 22:13, flood,1.6
2019-09-03 01:40, slack,-
2019-09-03 05:00, ebb,-2.4
2019-09-03 07:57, slack,-
2019-09-03 10:37, flood,1.6
2019-09-03 14:04, slack,-
2019-09-03 17:24, ebb,-2.4
2019-09-03 20:27, slack,-
2019-09-03 23:13, flood,1.5
2019-09-04 02:34, slack,-
2019-09-04 05:54, ebb,-2.3
2019-09-04 08:51, slack,-
2019-09-04 11:37, flood,1.5
2019-09-04 14:58, slack,-
2019-09-04 18:18, ebb,-2.3
2019-09-04 21:27, slack,-
2019-09-05 00:07, flood,1.4
2019-09-05 03:34, slack,-
2019-09-05 06:48, ebb,-2.2
2019-09-05 09:51, slack,-
2019-09-05 12:37, flood,1.4
2019-09-05 15:58, slack,-
2019-09-05 19:24, ebb,-2.2
2019-09-05 22:27, slack,-
2019-09-06 01:13, flood,1.3
2019-09-06 04:34, slack,-
2019-09-06 07:48, ebb,-2.1
2019-09-06 10:51, slack,-
2019-09-06 13:37, flood,1.3
2019-09-06 16:58, slack,-
2019-09-06 20:24, ebb,-2.1
2019-09-06 23:33, slack,-
2019-09-07 02:19, flood,1.3
2019-09-07 05:34, slack,-
2019-09-07 09:00, ebb,-2.0
2019-09-07 11:51, slack,-
2019-09-07 14:43, flood,1.3
2019-09-07 17:58, slack,-
2019-09-07 21:42, ebb,-2.0
2019-09-08 00:33, slack,-
2019-09-08 03:25, flood,1.3
2019-09-08 06:34, slack,-
2019-09-08 10:12, ebb,-1.9
2019-09-08 12:51, slack,-
2019-09-08 15:49, flood,1.3
2019-09-08 18:58, slack,-
2019-09-08 22:48, ebb,-2.0
2019-09-09 01:27, slack,-
2019-09-09 04:25, flood,1.3
2019-09-09 07:28, slack,-
2019-09-09 11:12, ebb,-2.0
2019-09-09 13:51, slack,-
2019-09-09 16:43, flood,1.3
2019-09-09 19:52, slack,-
2019-09-09 23:42, ebb,-2.1
2019-09-10 02:21, slack,-
2019-09-10 05:13, flood,1.3
2019-09-10 08:16, slack,-
2019-09-10 12:00, ebb,-2.0
2019-09-10 14:39, slack,-
2019-09-10 17:31, flood,1.4
2019-09-10 20:40, slack,-
2019-09-11 00:24, ebb,-2.1
2019-09-11 03:09, slack,-
2019-09-11 05:55, flood,1.3
2019-09-11 09:04, slack,-
2019-09-11 12:42, ebb,-2.1
2019-09-11 15:21, slack,-
2019-09-11 18:13, flood,1.4
2019-09-11 21:22, slack,-
2019-09-12 01:00, ebb,-2.2
2019-09-12 03:45, slack,-
2019-09-12 06:31, flood,1.4
2019-09-12 09:46, slack,-
2019-09-12 13:12, ebb,-2.2
2019-09-12 16:03, slack,-
2019-09-12 18:49, flood,1.4
2019-09-12 22:04, slack,-
2019-09-13 01:36, ebb,-2.2
2019-09-13 04:27, slack,-
2019-09-13 07:07, flood,1.4
2019-09-13 10:22, slack,-
2019-09-13 13:48, ebb,-2.3
2019-09-13 16:39, slack,-
2019-09-13 19:25, flood,1.5
2019-09-13 22:46, slack,-
2019-09-14 02:06, ebb,-2.3
2019-09-14 05:03, slack,-
2019-09-14 07:43, flood,1.5
2019-09-14 10:58, slack,-
2019-09-14 14:18, ebb,-2.3
2019-09-14 17:15, slack,-
2019-09-14 20:01, flood,1.5
2019-09-14 23:22, slack,-
2019-09-15 02:36, ebb,-2.3
2019-09-15 05:39, slack,-
2019-09-15 08:13, flood,1.5
2019-09-15 11:34, slack,-
2019-09-15 14:54, ebb,-2.3
2019-09-15 17:51, slack,-
2019-09-15 20:31, flood,1.5
2019-09-15 23:58, slack,-
2019-09-16 03:12, ebb,-2.3
2019-09-16 06:09, slack,-
2019-09-16 08:49, flood,1.5
2019-09-16 12:10, slack,-
2019-09-16 15:30, ebb,-2.4
2019-09-16 18:27, slack,-
2019-09-16 21:07, flood,1.5
2019-09-17 00:34, slack,-
2019-09-17 03:48, ebb,-2.3
2019-09-17 06:45, slack,-
2019-09-17 09:25, flood,1.4
2019-09-17 12:46, slack,-
2019-09-17 16:06, ebb,-2.3
2019-09-17 19:03, slack,-
2019-09-17 21:43, flood,1.4
2019-09-18 01:16, slack,-
2019-09-18 04:30, ebb,-2.3
2019-09-18 07:21, slack,-
2019-09-18 10:01, flood,1.4
2019-09-18 13:28, slack,-
2019-09-18 16:48, ebb,-2.3
2019-09-18 19:39, slack,-
2019-09-18 22:25, flood,1.4
2019-09-19 01:52, slack,-
2019-09-19 05:12, ebb,-2.2
2019-09-19 07:57, slack,-
2019-09-19 10:43, flood,1.4
2019-09-19 14:10, slack,-
2019-09-19 17:30, ebb,-2.3
2019-09-19 20:21, slack,-
2019-09-19 23:07, flood,1.3
2019-09-20 02:40, slack,-
2019-09-20 05:54, ebb,-2.2
2019-09-20 08:39, slack,-
2019-09-20 11:25, flood,1.3
2019-09-20 14:52, slack,-
2019-09-20 18:18, ebb,-2.2
2019-09-20 21:09, slack,-
2019-09-20 23:55, flood,1.3
2019-09-21 03:28, slack,-
2019-09-21 06:42, ebb,-2.1
2019-09-21 09:27, slack,-
2019-09-21 12:19, flood,1.3
2019-09-21 15:46, slack,-
2019-09-21 19:12, ebb,-2.2
2019-09-21 22:09, slack,-
2019-09-22 00:55, flood,1.2
2019-09-22 04:22, slack,-
2019-09-22 07:42, ebb,-2.0
2019-09-22 10:27, slack,-
2019-09-22 13:19, flood,1.3
2019-09-22 16:52, slack,-
2019-09-22 20:12, ebb,-2.1
2019-09-22 23:15, slack,-
2019-09-23 01:55, flood,1.2
2019-09-23 05:28, slack,-
2019-09-23 08:42, ebb,-2.0
2019-09-23 11:33, slack,-
2019-09-23 14:25, flood,1.3
2019-09-23 17:58, slack,-
2019-09-23 21:12, ebb,-2.1
2019-09-24 00:21, slack,-
2019-09-24 03:01, flood,1.3
2019-09-24 06:34, slack,-
2019-09-24 09:42, ebb,-2.1
2019-09-24 12:45, slack,-
2019-09-24 15:31, flood,1.3
2019-09-24 19:04, slack,-
2019-09-24 22:18, ebb,-2.2
2019-09-25 01:27, slack,-
2019-09-25 04:07, flood,1.4
2019-09-25 07:34, slack,-
2019-09-25 10:48, ebb,-2.2
2019-09-25 13:51, slack,-
2019-09-25 16:37, flood,1.4
2019-09-25 20:04, slack,-
2019-09-25 23:24, ebb,-2.3
2019-09-26 02:27, slack,-
2019-09-26 05:07, flood,1.5
2019-09-26 08:28, slack,-
2019-09-26 11:54, ebb,-2.4
2019-09-26 14:51, slack,-
2019-09-26 17:37, flood,1.5
2019-09-26 20:58, slack,-
2019-09-27 00:24, ebb,-2.4
2019-09-27 03:21, slack,-
2019-09-27 06:07, flood,1.6
2019-09-27 09:22, slack,-
2019-09-27 12:48, ebb,-2.5
2019-09-27 15:45, slack,-
2019-09-27 18:31, flood,1.6
2019-09-27 21:52, slack,-
2019-09-28 01:18, ebb,-2.5
2019-09-28 04:15, slack,-
2019-09-28 06:55, flood,1.6
2019-09-28 10:16, slack,-
2019-09-28 13:42, ebb,-2.6
2019-09-28 16:39, slack,-
2019-09-28 19:25, flood,1.7
2019-09-28 22:46, slack,-
2019-09-29 02:12, ebb,-2.6
2019-09-29 05:03, slack,-
2019-09-29 07:49, flood,1.7
2019-09-29 11:04, slack,-
2019-09-29 14:36, ebb,-2.6
2019-09-29 17:33, slack,-
2019-09-29 20:13, flood,1.7
2019-09-29 23:34, slack,-
2019-09-30 03:00, ebb,-2.6
2019-09-30 05:57, slack,-
2019-09-30 08:37, flood,1.7
2019-09-30 11:58, slack,-
2019-09-30 15:24, ebb,-2.6
2019-09-30 18:21, slack,-
2019-09-30 21:07, flood,1.7
2019-10-01 00:28, slack,-
2019-10-01 03:48, ebb,-2.5
2019-10-01 06:45, slack,-
2019-10-01 09:25, flood,1.6
2019-10-01 12:46, slack,-
2019-10-01 16:12, ebb,-2.5
2019-10-01 19:15, slack,-
2019-10-01 21:55, flood,1.6
2019-10-02 01:16, slack,-
2019-10-02 04:36, ebb,-2.4
2019-10-02 07:33, slack,-
2019-10-02 10:19, flood,1.6
2019-10-02 13:40, slack,-
2019-10-02 17:06, ebb,-2.4
2019-10-02 20:09, slack,-
2019-10-02 22:49, flood,1.5
2019-10-03 02:10, slack,-
2019-10-03 05:30, ebb,-2.3
2019-10-03 08:27, slack,-
2019-10-03 11:07, flood,1.5
2019-10-03 14:34, slack,-
2019-10-03 17:54, ebb,-2.3
2019-10-03 21:03, slack,-
2019-10-03 23:43, flood,1.4
2019-10-04 03:04, slack,-
2019-10-04 06:24, ebb,-2.1
2019-10-04 09:21, slack,-
2019-10-04 12:07, flood,1.4
2019-10-04 15:28, slack,-
2019-10-04 18:54, ebb,-2.1
2019-10-04 22:03, slack,-
2019-10-05 00:43, flood,1.3
2019-10-05 04:04, slack,-
2019-10-05 07:18, ebb,-2.0
2019-10-05 10:21, slack,-
2019-10-05 13:13, flood,1.3
2019-10-05 16:28, slack,-
2019-10-05 19:54, ebb,-2.0
2019-10-05 23:03, slack,-
2019-10-06 01:49, flood,1.2
2019-10-06 05:04, slack,-
2019-10-06 08:30, ebb,-1.9
2019-10-06 11:27, slack,-
2019-10-06 14:19, flood,1.2
2019-10-06 17:28, slack,-
2019-10-06 21:06, ebb,-1.9
2019-10-07 00:03, slack,-
2019-10-07 02:55, flood,1.2
2019-10-07 06:04, slack,-
2019-10-07 09:48, ebb,-1.9
2019-10-07 12:27, slack,-
2019-10-07 15:19, flood,1.2
2019-10-07 18:28, slack,-
2019-10-07 22:18, ebb,-1.9
2019-10-08 00:57, slack,-
2019-10-08 03:49, flood,1.2
2019-10-08 06:58, slack,-
2019-10-08 10:42, ebb,-1.9
2019-10-08 13:21, slack,-
2019-10-08 16:19, flood,1.2
2019-10-08 19:22, slack,-
2019-10-08 23:12, ebb,-2.0
2019-10-09 01:51, slack,-
2019-10-09 04:43, flood,1.3
2019-10-09 07:46, slack,-
2019-10-09 11:30, ebb,-2.0
2019-10-09 14:09, slack,-
2019-10-09 17:01, flood,1.3
2019-10-09 20:10, slack,-
2019-10-09 23:48, ebb,-2.1
2019-10-10 02:33, slack,-
2019-10-10 05:25, flood,1.3
2019-10-10 08:28, slack,-
2019-10-10 12:06, ebb,-2.1
2019-10-10 14:51, slack,-
2019-10-10 17:43, flood,1.4
2019-10-10 20:52, slack,-
2019-10-11 00:24, ebb,-2.1
2019-10-11 03:15, slack,-
2019-10-11 06:01, flood,1.4
2019-10-11 09:10, slack,-
2019-10-11 12:42, ebb,-2.2
2019-10-11 15:33, slack,-
2019-10-11 18:19, flood,1.4
2019-10-11 21:34, slack,-
2019-10-12 01:00, ebb,-2.2
2019-10-12 03:51, slack,-
2019-10-12 06:37, flood,1.4
2019-10-12 09:52, slack,-
2019-10-12 13:12, ebb,-2.3
2019-10-12 16:09, slack,-
2019-10-12 18:55, flood,1.5
2019-10-12 22:10, slack,-
2019-10-13 01:30, ebb,-2.3
2019-10-13 04:27, slack,-
2019-10-13 07:07, flood,1.4
2019-10-13 10:28, slack,-
2019-10-13 13:48, ebb,-2.4
2019-10-13 16:45, slack,-
2019-10-13 19:25, flood,1.5
2019-10-13 22:52, slack,-
2019-10-14 02:06, ebb,-2.3
2019-10-14 05:03, slack,-
2019-10-14 07:43, flood,1.5
2019-10-14 11:04, slack,-
2019-10-14 14:24, ebb,-2.4
2019-10-14 17:21, slack,-
2019-10-14 20:01, flood,1.5
2019-10-14 23:28, slack,-
2019-10-15 02:42, ebb,-2.4
2019-10-15 05:39, slack,-
2019-10-15 08:19, flood,1.5
2019-10-15 11:40, slack,-
2019-10-15 15:00, ebb,-2.4
2019-10-15 17:57, slack,-
2019-10-15 20:37, flood,1.5
2019-10-16 00:04, slack,-
2019-10-16 03:18, ebb,-2.3
2019-10-16 06:15, slack,-
2019-10-16 08:55, flood,1.5
2019-10-16 12:16, slack,-
2019-10-16 15:36, ebb,-2.4
2019-10-16 18:33, slack,-
2019-10-16 21:13, flood,1.5
2019-10-17 00:40, slack,-
2019-10-17 04:00, ebb,-2.3
2019-10-17 06:45, slack,-
2019-10-17 09:31, flood,1.4
2019-10-17 12:52, slack,-
2019-10-17 16:18, ebb,-2.4
2019-10-17 19:15, slack,-
2019-10-17 21:55, flood,1.4
2019-10-18 01:22, slack,-
2019-10-18 04:42, ebb,-2.3
2019-10-18 07:27, slack,-
2019-10-18 10:13, flood,1.4
2019-10-18 13:34, slack,-
2019-10-18 17:06, ebb,-2.3
2019-10-18 19:57, slack,-
2019-10-18 22:43, flood,1.4
2019-10-19 02:10, slack,-
2019-10-19 05:24, ebb,-2.2
2019-10-19 08:09, slack,-
2019-10-19 11:01, flood,1.3
2019-10-19 14:22, slack,-
2019-10-19 17:54, ebb,-2.3
2019-10-19 20:51, slack,-
2019-10-19 23:31, flood,1.3
2019-10-20 02:58, slack,-
2019-10-20 06:18, ebb,-2.1
2019-10-20 09:03, slack,-
2019-10-20 11:55, flood,1.3
2019-10-20 15:22, slack,-
2019-10-20 18:48, ebb,-2.2
2019-10-20 21:45, slack,-
2019-10-21 00:31, flood,1.2
2019-10-21 03:58, slack,-
2019-10-21 07:12, ebb,-2.1
2019-10-21 10:09, slack,-
2019-10-21 12:55, flood,1.3
2019-10-21 16:28, slack,-
2019-10-21 19:48, ebb,-2.2
2019-10-21 22:57, slack,-
2019-10-22 01:31, flood,1.2
2019-10-22 05:04, slack,-
2019-10-22 08:18, ebb,-2.1
2019-10-22 11:21, slack,-
2019-10-22 14:07, flood,1.3
2019-10-22 17:34, slack,-
2019-10-22 20:54, ebb,-2.2
2019-10-23 00:03, slack,-
2019-10-23 02:43, flood,1.3
2019-10-23 06:10, slack,-
2019-10-23 09:24, ebb,-2.2
2019-10-23 12:33, slack,-
2019-10-23 15:13, flood,1.3
2019-10-23 18:40, slack,-
2019-10-23 22:00, ebb,-2.2
2019-10-24 01:09, slack,-
2019-10-24 03:49, flood,1.4
2019-10-24 07:10, slack,-
2019-10-24 10:30, ebb,-2.3
2019-10-24 13:39, slack,-
2019-10-24 16:19, flood,1.4
2019-10-24 19:40, slack,-
2019-10-24 23:06, ebb,-2.3
2019-10-25 02:09, slack,-
2019-10-25 04:49, flood,1.5
2019-10-25 08:10, slack,-
2019-10-25 11:36, ebb,-2.4
2019-10-25 14:39, slack,-
2019-10-25 17:19, flood,1.5
2019-10-25 20:40, slack,-
2019-10-26 00:06, ebb,-2.4
2019-10-26 03:03, slack,-
2019-10-26 05:49, flood,1.6
2019-10-26 09:04, slack,-
2019-10-26 12:36, ebb,-2.5
2019-10-26 15:33, slack,-
2019-10-26 18:13, flood,1.6
2019-10-26 21:34, slack,-
2019-10-27 01:00, ebb,-2.5
2019-10-27 03:57, slack,-
2019-10-27 06:37, flood,1.6
2019-10-27 09:52, slack,-
2019-10-27 13:24, ebb,-2.6
2019-10-27 16:27, slack,-
2019-10-27 19:07, flood,1.6
2019-10-27 22:22, slack,-
2019-10-28 01:54, ebb,-2.5
2019-10-28 04:45, slack,-
2019-10-28 07:25, flood,1.7
2019-10-28 10:46, slack,-
2019-10-28 14:18, ebb,-2.6
2019-10-28 17:15, slack,-
2019-10-28 19:55, flood,1.7
2019-10-28 23:16, slack,-
2019-10-29 02:42, ebb,-2.5
2019-10-29 05:33, slack,-
2019-10-29 08:13, flood,1.6
2019-10-29 11:34, slack,-
2019-10-29 15:06, ebb,-2.6
2019-10-29 18:09, slack,-
2019-10-29 20:43, flood,1.6
2019-10-30 00:04, slack,-
2019-10-30 03:30, ebb,-2.5
2019-10-30 06:21, slack,-
2019-10-30 09:01, flood,1.6
2019-10-30 12:22, slack,-
2019-10-30 15:54, ebb,-2.5
2019-10-30 18:57, slack,-
2019-10-30 21:31, flood,1.5
2019-10-31 00:52, slack,-
2019-10-31 04:12, ebb,-2.4
2019-10-31 07:15, slack,-
2019-10-31 09:55, flood,1.5
2019-10-31 13:10, slack,-
2019-10-31 16:42, ebb,-2.4
2019-10-31 19:45, slack,-
2019-10-31 22:25, flood,1.5
2019-11-01 01:40, slack,-
2019-11-01 05:00, ebb,-2.3
2019-11-01 08:03, slack,-
2019-11-01 10:43, flood,1.4
2019-11-01 14:04, slack,-
2019-11-01 17:30, ebb,-2.3
2019-11-01 20:39, slack,-
2019-11-01 23:19, flood,1.3
2019-11-02 02:34, slack,-
2019-11-02 05:54, ebb,-2.2
2019-11-02 08:57, slack,-
2019-11-02 11:37, flood,1.3
2019-11-02 14:58, slack,-
2019-11-02 18:18, ebb,-2.2
2019-11-02 21:33, slack,-
2019-11-03 00:13, flood,1.2
2019-11-03 02:28, slack,-
2019-11-03 05:48, ebb,-2.0
2019-11-03 08:57, slack,-
2019-11-03 11:37, flood,1.2
2019-11-03 14:52, slack,-
2019-11-03 18:18, ebb,-2.0
2019-11-03 21:33, slack,-
2019-11-04 00:13, flood,1.2
2019-11-04 03:28, slack,-
2019-11-04 06:42, ebb,-1.9
2019-11-04 09:57, slack,-
2019-11-04 12:37, flood,1.2
2019-11-04 15:52, slack,-
2019-11-04 19:18, ebb,-2.0
2019-11-04 22:33, slack,-
2019-11-05 01:13, flood,1.1
2019-11-05 04:22, slack,-
2019-11-05 07:48, ebb,-1.9
2019-11-05 10:57, slack,-
2019-11-05 13:43, flood,1.1
2019-11-05 16:46, slack,-
2019-11-05 20:18, ebb,-1.9
2019-11-05 23:27, slack,-
2019-11-06 02:13, flood,1.1
2019-11-06 05:16, slack,-
2019-11-06 08:48, ebb,-1.9
2019-11-06 11:51, slack,-
2019-11-06 14:37, flood,1.2
2019-11-06 17:40, slack,-
2019-11-06 21:18, ebb,-2.0
2019-11-07 00:15, slack,-
2019-11-07 03:01, flood,1.2
2019-11-07 06:04, slack,-
2019-11-07 09:42, ebb,-2.0
2019-11-07 12:39, slack,-
2019-11-07 15:25, flood,1.2
2019-11-07 18:28, slack,-
2019-11-07 22:00, ebb,-2.1
2019-11-08 01:03, slack,-
2019-11-08 03:43, flood,1.2
2019-11-08 06:52, slack,-
2019-11-08 10:24, ebb,-2.1
2019-11-08 13:21, slack,-
2019-11-08 16:07, flood,1.3
2019-11-08 19:16, slack,-
2019-11-08 22:42, ebb,-2.1
2019-11-09 01:45, slack,-
2019-11-09 04:25, flood,1.3
2019-11-09 07:34, slack,-
2019-11-09 11:00, ebb,-2.2
2019-11-09 14:03, slack,-
2019-11-09 16:43, flood,1.3
2019-11-09 19:58, slack,-
2019-11-09 23:18, ebb,-2.2
2019-11-10 02:21, slack,-
2019-11-10 05:01, flood,1.4
2019-11-10 08:10, slack,-
2019-11-10 11:36, ebb,-2.3
2019-11-10 14:45, slack,-
2019-11-10 17:19, flood,1.4
2019-11-10 20:34, slack,-
2019-11-10 23:54, ebb,-2.3
2019-11-11 02:57, slack,-
2019-11-11 05:31, flood,1.4
2019-11-11 08:52, slack,-
2019-11-11 12:12, ebb,-2.4
2019-11-11 15:21, slack,-
2019-11-11 17:55, flood,1.4
2019-11-11 21:16, slack,-
2019-11-12 00:36, ebb,-2.4
2019-11-12 03:33, slack,-
2019-11-12 06:07, flood,1.4
2019-11-12 09:28, slack,-
2019-11-12 12:54, ebb,-2.5
2019-11-12 15:57, slack,-
2019-11-12 18:31, flood,1.5
2019-11-12 21:52, slack,-
2019-11-13 01:12, ebb,-2.4
2019-11-13 04:09, slack,-
2019-11-13 06:43, flood,1.5
2019-11-13 10:04, slack,-
2019-11-13 13:30, ebb,-2.5
2019-11-13 16:39, slack,-
2019-11-13 19:13, flood,1.5
2019-11-13 22:34, slack,-
2019-11-14 01:54, ebb,-2.4
2019-11-14 04:45, slack,-
2019-11-14 07:25, flood,1.5
2019-11-14 10:46, slack,-
2019-11-14 14:12, ebb,-2.5
2019-11-14 17:15, slack,-
2019-11-14 19:49, flood,1.4
2019-11-14 23:10, slack,-
2019-11-15 02:30, ebb,-2.4
2019-11-15 05:27, slack,-
2019-11-15 08:07, flood,1.4
2019-11-15 11:28, slack,-
2019-11-15 14:54, ebb,-2.5
2019-11-15 17:57, slack,-
2019-11-15 20:31, flood,1.4
2019-11-15 23:52, slack,-
2019-11-16 03:18, ebb,-2.3
2019-11-16 06:09, slack,-
2019-11-16 08:49, flood,1.4
2019-11-16 12:10, slack,-
2019-11-16 15:42, ebb,-2.4
2019-11-16 18:45, slack,-
2019-11-16 21:19, flood,1.3
2019-11-17 00:40, slack,-
2019-11-17 04:06, ebb,-2.3
2019-11-17 06:57, slack,-
2019-11-17 09:43, flood,1.4
2019-11-17 13:04, slack,-
2019-11-17 16:30, ebb,-2.4
2019-11-17 19:39, slack,-
2019-11-17 22:13, flood,1.3
2019-11-18 01:34, slack,-
2019-11-18 05:00, ebb,-2.2
2019-11-18 07:57, slack,-
2019-11-18 10:37, flood,1.3
2019-11-18 13:58, slack,-
2019-11-18 17:30, ebb,-2.3
2019-11-18 20:39, slack,-
2019-11-18 23:13, flood,1.3
2019-11-19 02:34, slack,-
2019-11-19 05:54, ebb,-2.2
2019-11-19 09:03, slack,-
2019-11-19 11:37, flood,1.3
2019-11-19 15:04, slack,-
2019-11-19 18:30, ebb,-2.2
2019-11-19 21:45, slack,-
2019-11-20 00:13, flood,1.2
2019-11-20 03:40, slack,-
2019-11-20 07:00, ebb,-2.2
2019-11-20 10:09, slack,-
2019-11-20 12:49, flood,1.3
2019-11-20 16:10, slack,-
2019-11-20 19:36, ebb,-2.2
2019-11-20 22:51, slack,-
2019-11-21 01:25, flood,1.3
2019-11-21 04:46, slack,-
2019-11-21 08:06, ebb,-2.2
2019-11-21 11:21, slack,-
2019-11-21 13:55, flood,1.3
2019-11-21 17:16, slack,-
2019-11-21 20:42, ebb,-2.3
2019-11-21 23:57, slack,-
2019-11-22 02:31, flood,1.3
2019-11-22 05:46, slack,-
2019-11-22 09:18, ebb,-2.3
2019-11-22 12:27, slack,-
2019-11-22 15:07, flood,1.4
2019-11-22 18:16, slack,-
2019-11-22 21:48, ebb,-2.3
2019-11-23 00:51, slack,-
2019-11-23 03:31, flood,1.4
2019-11-23 06:46, slack,-
2019-11-23 10:18, ebb,-2.4
2019-11-23 13:27, slack,-
2019-11-23 16:07, flood,1.5
2019-11-23 19:16, slack,-
2019-11-23 22:48, ebb,-2.4
2019-11-24 01:51, slack,-
2019-11-24 04:25, flood,1.5
2019-11-24 07:40, slack,-
2019-11-24 11:18, ebb,-2.5
2019-11-24 14:21, slack,-
2019-11-24 17:01, flood,1.5
2019-11-24 20:10, slack,-
2019-11-24 23:42, ebb,-2.5
2019-11-25 02:39, slack,-
2019-11-25 05:19, flood,1.6
2019-11-25 08:34, slack,-
2019-11-25 12:12, ebb,-2.6
2019-11-25 15:15, slack,-
2019-11-25 17:49, flood,1.6
2019-11-25 21:04, slack,-
2019-11-26 00:36, ebb,-2.5
2019-11-26 03:33, slack,-
2019-11-26 06:07, flood,1.6
2019-11-26 09:22, slack,-
2019-11-26 13:00, ebb,-2.6
2019-11-26 16:03, slack,-
2019-11-26 18:37, flood,1.6
2019-11-26 21:52, slack,-
2019-11-27 01:24, ebb,-2.5
2019-11-27 04:21, slack,-
2019-11-27 06:55, flood,1.6
2019-11-27 10:10, slack,-
2019-11-27 13:48, ebb,-2.6
2019-11-27 16:51, slack,-
2019-11-27 19:25, flood,1.5
2019-11-27 22:40, slack,-
2019-11-28 02:06, ebb,-2.5
2019-11-28 05:09, slack,-
2019-11-28 07:43, flood,1.5
2019-11-28 10:58, slack,-
2019-11-28 14:30, ebb,-2.5
2019-11-28 17:39, slack,-
2019-11-28 20:13, flood,1.5
2019-11-28 23:28, slack,-
2019-11-29 02:54, ebb,-2.4
2019-11-29 05:57, slack,-
2019-11-29 08:31, flood,1.5
2019-11-29 11:46, slack,-
2019-11-29 15:18, ebb,-2.4
2019-11-29 18:27, slack,-
2019-11-29 21:01, flood,1.4
2019-11-30 00:10, slack,-
2019-11-30 03:36, ebb,-2.3
2019-11-30 06:45, slack,-
2019-11-30 09:19, flood,1.4
2019-11-30 12:34, slack,-
2019-11-30 16:00, ebb,-2.3
2019-11-30 19:15, slack,-
2019-11-30 21:49, flood,1.3
2019-12-01 00:58, slack,-
2019-12-01 04:24, ebb,-2.2
2019-12-01 07:33, slack,-
2019-12-01 10:07, flood,1.3
2019-12-01 13:22, slack,-
2019-12-01 16:48, ebb,-2.2
2019-12-01 20:09, slack,-
2019-12-01 22:37, flood,1.2
2019-12-02 01:52, slack,-
2019-12-02 05:12, ebb,-2.1
2019-12-02 08:27, slack,-
2019-12-02 10:55, flood,1.2
2019-12-02 14:10, slack,-
2019-12-02 17:36, ebb,-2.1
2019-12-02 20:57, slack,-
2019-12-02 23:31, flood,1.1
2019-12-03 02:40, slack,-
2019-12-03 06:00, ebb,-2.0
2019-12-03 09:21, slack,-
2019-12-03 11:49, flood,1.1
2019-12-03 15:04, slack,-
2019-12-03 18:30, ebb,-2.1
2019-12-03 21:51, slack,-
2019-12-04 00:25, flood,1.1
2019-12-04 03:34, slack,-
2019-12-04 06:54, ebb,-2.0
2019-12-04 10:15, slack,-
2019-12-04 12:49, flood,1.1
2019-12-04 15:58, slack,-
2019-12-04 19:24, ebb,-2.0
2019-12-04 22:45, slack,-
2019-12-05 01:19, flood,1.1
2019-12-05 04:22, slack,-
2019-12-05 07:48, ebb,-2.0
2019-12-05 11:09, slack,-
2019-12-05 13:43, flood,1.1
2019-12-05 16:52, slack,-
2019-12-05 20:12, ebb,-2.0
2019-12-05 23:39, slack,-
2019-12-06 02:07, flood,1.1
2019-12-06 05:16, slack,-
2019-12-06 08:42, ebb,-2.0
2019-12-06 11:57, slack,-
2019-12-06 14:31, flood,1.1
2019-12-06 17:40, slack,-
2019-12-06 21:06, ebb,-2.1
2019-12-07 00:21, slack,-
2019-12-07 02:55, flood,1.2
2019-12-07 06:04, slack,-
2019-12-07 09:30, ebb,-2.1
2019-12-07 12:45, slack,-
2019-12-07 15:19, flood,1.2
2019-12-07 18:28, slack,-
2019-12-07 21:54, ebb,-2.1
2019-12-08 01:09, slack,-
2019-12-08 03:37, flood,1.2
2019-12-08 06:46, slack,-
2019-12-08 10:18, ebb,-2.2
2019-12-08 13:33, slack,-
2019-12-08 16:01, flood,1.3
2019-12-08 19:16, slack,-
2019-12-08 22:36, ebb,-2.2
2019-12-09 01:51, slack,-
2019-12-09 04:19, flood,1.3
2019-12-09 07:34, slack,-
2019-12-09 11:00, ebb,-2.3
2019-12-09 14:15, slack,-
2019-12-09 16:43, flood,1.3
2019-12-09 19:58, slack,-
2019-12-09 23:18, ebb,-2.3
2019-12-10 02:27, slack,-
2019-12-10 05:01, flood,1.3
2019-12-10 08:16, slack,-
2019-12-10 11:42, ebb,-2.4
2019-12-10 14:57, slack,-
2019-12-10 17:25, flood,1.4
2019-12-10 20:40, slack,-
2019-12-11 00:00, ebb,-2.4
2019-12-11 03:09, slack,-
2019-12-11 05:43, flood,1.4
2019-12-11 08:52, slack,-
2019-12-11 12:24, ebb,-2.5
2019-12-11 15:39, slack,-
2019-12-11 18:07, flood,1.4
2019-12-11 21:22, slack,-
2019-12-12 00:48, ebb,-2.4
2019-12-12 03:45, slack,-
2019-12-12 06:19, flood,1.4
2019-12-12 09:34, slack,-
2019-12-12 13:06, ebb,-2.5
2019-12-12 16:21, slack,-
2019-12-12 18:49, flood,1.4
2019-12-12 22:04, slack,-
2019-12-13 01:30, ebb,-2.4
2019-12-13 04:27, slack,-
2019-12-13 07:01, flood,1.5
2019-12-13 10:22, slack,-
2019-12-13 13:54, ebb,-2.5
2019-12-13 17:03, slack,-
2019-12-13 19:31, flood,1.4
2019-12-13 22:46, slack,-
2019-12-14 02:12, ebb,-2.4
2019-12-14 05:15, slack,-
2019-12-14 07:49, flood,1.5
2019-12-14 11:04, slack,-
2019-12-14 14:36, ebb,-2.5
2019-12-14 17:51, slack,-
2019-12-14 20:19, flood,1.4
2019-12-14 23:34, slack,-
2019-12-15 03:00, ebb,-2.4
2019-12-15 05:57, slack,-
2019-12-15 08:37, flood,1.4
2019-12-15 11:52, slack,-
2019-12-15 15:24, ebb,-2.5
2019-12-15 18:39, slack,-
2019-12-15 21:07, flood,1.4
2019-12-16 00:22, slack,-
2019-12-16 03:48, ebb,-2.4
2019-12-16 06:51, slack,-
2019-12-16 09:25, flood,1.4
2019-12-16 12:46, slack,-
2019-12-16 16:18, ebb,-2.5
2019-12-16 19:33, slack,-
2019-12-16 22:01, flood,1.3
2019-12-17 01:16, slack,-
2019-12-17 04:42, ebb,-2.4
2019-12-17 07:51, slack,-
2019-12-17 10:25, flood,1.4
2019-12-17 13:40, slack,-
2019-12-17 17:12, ebb,-2.4
2019-12-17 20:27, slack,-
2019-12-17 22:55, flood,1.3
2019-12-18 02:16, slack,-
2019-12-18 05:42, ebb,-2.3
2019-12-18 08:51, slack,-
2019-12-18 11:25, flood,1.3
2019-12-18 14:46, slack,-
2019-12-18 18:12, ebb,-2.3
2019-12-18 21:27, slack,-
2019-12-18 23:55, flood,1.3
2019-12-19 03:16, slack,-
2019-12-19 06:42, ebb,-2.3
2019-12-19 10:03, slack,-
2019-12-19 12:31, flood,1.3
2019-12-19 15:46, slack,-
2019-12-19 19:18, ebb,-2.3
2019-12-19 22:33, slack,-
2019-12-20 01:07, flood,1.3
2019-12-20 04:22, slack,-
2019-12-20 07:48, ebb,-2.3
2019-12-20 11:09, slack,-
2019-12-20 13:37, flood,1.3
2019-12-20 16:52, slack,-
2019-12-20 20:24, ebb,-2.3
2019-12-20 23:39, slack,-
2019-12-21 02:13, flood,1.3
2019-12-21 05:22, slack,-
2019-12-21 09:00, ebb,-2.3
2019-12-21 12:15, slack,-
2019-12-21 14:49, flood,1.3
2019-12-21 17:58, slack,-
2019-12-21 21:30, ebb,-2.3
2019-12-22 00:39, slack,-
2019-12-22 03:13, flood,1.4
2019-12-22 06:22, slack,-
2019-12-22 10:06, ebb,-2.4
2019-12-22 13:15, slack,-
2019-12-22 15:49, flood,1.4
2019-12-22 18:52, slack,-
2019-12-22 22:30, ebb,-2.4
2019-12-23 01:33, slack,-
2019-12-23 04:13, flood,1.4
2019-12-23 07:16, slack,-
2019-12-23 11:06, ebb,-2.5
2019-12-23 14:09, slack,-
2019-12-23 16:43, flood,1.4
2019-12-23 19:52, slack,-
2019-12-23 23:30, ebb,-2.4
2019-12-24 02:27, slack,-
2019-12-24 05:07, flood,1.5
2019-12-24 08:10, slack,-
2019-12-24 12:00, ebb,-2.5
2019-12-24 15:03, slack,-
2019-12-24 17:37, flood,1.5
2019-12-24 20:40, slack,-
2019-12-25 00:18, ebb,-2.4
2019-12-25 03:15, slack,-
2019-12-25 05:55, flood,1.5
2019-12-25 09:04, slack,-
2019-12-25 12:48, ebb,-2.5
2019-12-25 15:51, slack,-
2019-12-25 18:25, flood,1.5
2019-12-25 21:28, slack,-
2019-12-26 01:06, ebb,-2.4
2019-12-26 04:03, slack,-
2019-12-26 06:43, flood,1.5
2019-12-26 09:46, slack,-
2019-12-26 13:30, ebb,-2.5
2019-12-26 16:33, slack,-
2019-12-26 19:07, flood,1.5
2019-12-26 22:16, slack,-
2019-12-27 01:48, ebb,-2.4
2019-12-27 04:51, slack,-
2019-12-27 07:25, flood,1.5
2019-12-27 10:34, slack,-
2019-12-27 14:12, ebb,-2.5
2019-12-27 17:21, slack,-
2019-12-27 19:55, flood,1.4
2019-12-27 22:58, slack,-
2019-12-28 02:30, ebb,-2.4
2019-12-28 05:33, slack,-
2019-12-28 08:07, flood,1.4
2019-12-28 11:22, slack,-
2019-12-28 14:54, ebb,-2.4
2019-12-28 18:03, slack,-
2019-12-28 20:37, flood,1.4
2019-12-28 23:46, slack,-
2019-12-29 03:12, ebb,-2.3
2019-12-29 06:21, slack,-
2019-12-29 08:49, flood,1.4
2019-12-29 12:04, slack,-
2019-12-29 15:36, ebb,-2.4
2019-12-29 18:51, slack,-
2019-12-29 21:19, flood,1.3
2019-12-30 00:28, slack,-
2019-12-30 03:54, ebb,-2.3
2019-12-30 07:03, slack,-
2019-12-30 09:31, flood,1.3
2019-12-30 12:46, slack,-
2019-12-30 16:18, ebb,-2.3
2019-12-30 19:33, slack,-
2019-12-30 22:01, flood,1.2
2019-12-31 01:10, slack,-
2019-12-31 04:36, ebb,-2.2
2019-12-31 07:51, slack,-
2019-12-31 10:19, flood,1.2
2019-12-31 13:34, slack,-
2019-12-31 16:54, ebb,-2.2
2019-12-31 20:21, slack,-
2019-12-31 22:43, flood,1.2
